method,level,gid,t_warn,err,lead,grade
B1_累积能量,1.5000,016,44.0000,0.2000,55.0000,A
B1_累积能量,1.6411,016,55.0000,11.2000,44.0000,A
B1_累积能量,1.7955,016,55.0000,11.2000,44.0000,A
B1_累积能量,1.9644,016,94.0000,50.2000,5.0000,D
B1_累积能量,2.1492,016,94.0000,50.2000,5.0000,D
B1_累积能量,2.3514,016,94.0000,50.2000,5.0000,D
B1_累积能量,2.5726,016,94.0000,50.2000,5.0000,D
B1_累积能量,2.8147,016,94.0000,50.2000,5.0000,D
B1_累积能量,3.0795,016,,,,C
B1_累积能量,3.3692,016,,,,C
B1_累积能量,3.6861,016,,,,C
B1_累积能量,4.0329,016,,,,C
B1_累积能量,4.4123,016,,,,C
B1_累积能量,4.8274,016,,,,C
B1_累积能量,5.2816,016,,,,C
B1_累积能量,5.7785,016,,,,C
B1_累积能量,6.3221,016,,,,C
B1_累积能量,6.9169,016,,,,C
B1_累积能量,7.5676,016,,,,C
B1_累积能量,8.2795,016,,,,C
B1_累积能量,9.0585,016,,,,C
B1_累积能量,9.9107,016,,,,C
B1_累积能量,10.8430,016,,,,C
B1_累积能量,11.8631,016,,,,C
B1_累积能量,12.9792,016,,,,C
B1_累积能量,14.2002,016,,,,C
B1_累积能量,15.5362,016,,,,C
B1_累积能量,16.9978,016,,,,C
B1_累积能量,18.5969,016,,,,C
B1_累积能量,20.3464,016,,,,C
B1_累积能量,22.2606,016,,,,C
B1_累积能量,24.3548,016,,,,C
B1_累积能量,26.6460,016,,,,C
B1_累积能量,29.1528,016,,,,C
B1_累积能量,31.8955,016,,,,C
B1_累积能量,34.8961,016,,,,C
B1_累积能量,38.1791,016,,,,C
B1_累积能量,41.7709,016,,,,C
B1_累积能量,45.7006,016,,,,C
B1_累积能量,50.0000,016,,,,C
B2_块能量EWMA,1.5000,016,4.0000,-39.8000,95.0000,E
B2_块能量EWMA,1.7005,016,4.0000,-39.8000,95.0000,E
B2_块能量EWMA,1.9278,016,4.0000,-39.8000,95.0000,E
B2_块能量EWMA,2.1855,016,4.0000,-39.8000,95.0000,E
B2_块能量EWMA,2.4776,016,4.0000,-39.8000,95.0000,E
B2_块能量EWMA,2.8088,016,4.0000,-39.8000,95.0000,E
B2_块能量EWMA,3.1842,016,4.0000,-39.8000,95.0000,E
B2_块能量EWMA,3.6099,016,4.0000,-39.8000,95.0000,E
B2_块能量EWMA,4.0924,016,4.0000,-39.8000,95.0000,E
B2_块能量EWMA,4.6394,016,4.0000,-39.8000,95.0000,E
B2_块能量EWMA,5.2595,016,4.0000,-39.8000,95.0000,E
B2_块能量EWMA,5.9626,016,4.0000,-39.8000,95.0000,E
B2_块能量EWMA,6.7596,016,4.0000,-39.8000,95.0000,E
B2_块能量EWMA,7.6631,016,4.0000,-39.8000,95.0000,E
B2_块能量EWMA,8.6874,016,4.0000,-39.8000,95.0000,E
B2_块能量EWMA,9.8486,016,4.0000,-39.8000,95.0000,E
B2_块能量EWMA,11.1651,016,4.0000,-39.8000,95.0000,E
B2_块能量EWMA,12.6575,016,4.0000,-39.8000,95.0000,E
B2_块能量EWMA,14.3493,016,4.0000,-39.8000,95.0000,E
B2_块能量EWMA,16.2674,016,4.0000,-39.8000,95.0000,E
B2_块能量EWMA,18.4418,016,4.0000,-39.8000,95.0000,E
B2_块能量EWMA,20.9069,016,4.0000,-39.8000,95.0000,E
B2_块能量EWMA,23.7014,016,4.0000,-39.8000,95.0000,E
B2_块能量EWMA,26.8695,016,4.0000,-39.8000,95.0000,E
B2_块能量EWMA,30.4611,016,4.0000,-39.8000,95.0000,E
B2_块能量EWMA,34.5328,016,4.0000,-39.8000,95.0000,E
B2_块能量EWMA,39.1487,016,4.0000,-39.8000,95.0000,E
B2_块能量EWMA,44.3816,016,4.0000,-39.8000,95.0000,E
B2_块能量EWMA,50.3139,016,4.0000,-39.8000,95.0000,E
B2_块能量EWMA,57.0393,016,4.0000,-39.8000,95.0000,E
B2_块能量EWMA,64.6635,016,4.0000,-39.8000,95.0000,E
B2_块能量EWMA,73.3069,016,4.0000,-39.8000,95.0000,E
B2_块能量EWMA,83.1057,016,4.0000,-39.8000,95.0000,E
B2_块能量EWMA,94.2142,016,4.0000,-39.8000,95.0000,E
B2_块能量EWMA,106.8075,016,4.0000,-39.8000,95.0000,E
B2_块能量EWMA,121.0842,016,4.0000,-39.8000,95.0000,E
B2_块能量EWMA,137.2692,016,4.0000,-39.8000,95.0000,E
B2_块能量EWMA,155.6176,016,4.0000,-39.8000,95.0000,E
B2_块能量EWMA,176.4186,016,4.0000,-39.8000,95.0000,E
B2_块能量EWMA,200.0000,016,4.0000,-39.8000,95.0000,E
B3_累积事件数,1.5000,016,49.0000,5.2000,50.0000,A
B3_累积事件数,1.6411,016,54.0000,10.2000,45.0000,A
B3_累积事件数,1.7955,016,59.0000,15.2000,40.0000,D
B3_累积事件数,1.9644,016,64.0000,20.2000,35.0000,D
B3_累积事件数,2.1492,016,70.0000,26.2000,29.0000,D
B3_累积事件数,2.3514,016,77.0000,33.2000,22.0000,D
B3_累积事件数,2.5726,016,84.0000,40.2000,15.0000,D
B3_累积事件数,2.8147,016,92.0000,48.2000,7.0000,D
B3_累积事件数,3.0795,016,,,,C
B3_累积事件数,3.3692,016,,,,C
B3_累积事件数,3.6861,016,,,,C
B3_累积事件数,4.0329,016,,,,C
B3_累积事件数,4.4123,016,,,,C
B3_累积事件数,4.8274,016,,,,C
B3_累积事件数,5.2816,016,,,,C
B3_累积事件数,5.7785,016,,,,C
B3_累积事件数,6.3221,016,,,,C
B3_累积事件数,6.9169,016,,,,C
B3_累积事件数,7.5676,016,,,,C
B3_累积事件数,8.2795,016,,,,C
B3_累积事件数,9.0585,016,,,,C
B3_累积事件数,9.9107,016,,,,C
B3_累积事件数,10.8430,016,,,,C
B3_累积事件数,11.8631,016,,,,C
B3_累积事件数,12.9792,016,,,,C
B3_累积事件数,14.2002,016,,,,C
B3_累积事件数,15.5362,016,,,,C
B3_累积事件数,16.9978,016,,,,C
B3_累积事件数,18.5969,016,,,,C
B3_累积事件数,20.3464,016,,,,C
B3_累积事件数,22.2606,016,,,,C
B3_累积事件数,24.3548,016,,,,C
B3_累积事件数,26.6460,016,,,,C
B3_累积事件数,29.1528,016,,,,C
B3_累积事件数,31.8955,016,,,,C
B3_累积事件数,34.8961,016,,,,C
B3_累积事件数,38.1791,016,,,,C
B3_累积事件数,41.7709,016,,,,C
B3_累积事件数,45.7006,016,,,,C
B3_累积事件数,50.0000,016,,,,C
ours_off_blk,0.2000,016,45.0000,1.2000,54.0000,A
ours_off_blk,0.2100,016,45.0000,1.2000,54.0000,A
ours_off_blk,0.2200,016,45.0000,1.2000,54.0000,A
ours_off_blk,0.2300,016,45.0000,1.2000,54.0000,A
ours_off_blk,0.2400,016,45.0000,1.2000,54.0000,A
ours_off_blk,0.2500,016,45.0000,1.2000,54.0000,A
ours_off_blk,0.2600,016,45.0000,1.2000,54.0000,A
ours_off_blk,0.2700,016,45.0000,1.2000,54.0000,A
ours_off_blk,0.2800,016,45.0000,1.2000,54.0000,A
ours_off_blk,0.2900,016,46.0000,2.2000,53.0000,A
ours_off_blk,0.3000,016,46.0000,2.2000,53.0000,A
ours_off_blk,0.3100,016,46.0000,2.2000,53.0000,A
ours_off_blk,0.3200,016,46.0000,2.2000,53.0000,A
ours_off_blk,0.3300,016,46.0000,2.2000,53.0000,A
ours_off_blk,0.3400,016,46.0000,2.2000,53.0000,A
ours_off_blk,0.3500,016,46.0000,2.2000,53.0000,A
ours_off_blk,0.3600,016,46.0000,2.2000,53.0000,A
ours_off_blk,0.3700,016,46.0000,2.2000,53.0000,A
ours_off_blk,0.3800,016,46.0000,2.2000,53.0000,A
ours_off_blk,0.3900,016,46.0000,2.2000,53.0000,A
ours_off_blk,0.4000,016,46.0000,2.2000,53.0000,A
ours_off_blk,0.4100,016,46.0000,2.2000,53.0000,A
ours_off_blk,0.4200,016,46.0000,2.2000,53.0000,A
ours_off_blk,0.4300,016,46.0000,2.2000,53.0000,A
ours_off_blk,0.4400,016,46.0000,2.2000,53.0000,A
ours_off_blk,0.4500,016,46.0000,2.2000,53.0000,A
ours_off_blk,0.4600,016,46.0000,2.2000,53.0000,A
ours_off_blk,0.4700,016,46.0000,2.2000,53.0000,A
ours_off_blk,0.4800,016,46.0000,2.2000,53.0000,A
ours_off_blk,0.4900,016,46.0000,2.2000,53.0000,A
ours_off_blk,0.5000,016,46.0000,2.2000,53.0000,A
ours_off_blk,0.5100,016,46.0000,2.2000,53.0000,A
ours_off_blk,0.5200,016,46.0000,2.2000,53.0000,A
ours_off_blk,0.5300,016,46.0000,2.2000,53.0000,A
ours_off_blk,0.5400,016,46.0000,2.2000,53.0000,A
ours_off_blk,0.5500,016,46.0000,2.2000,53.0000,A
ours_off_blk,0.5600,016,46.0000,2.2000,53.0000,A
ours_off_blk,0.5700,016,46.0000,2.2000,53.0000,A
ours_off_blk,0.5800,016,46.0000,2.2000,53.0000,A
ours_off_blk,0.5900,016,46.0000,2.2000,53.0000,A
ours_off_blk,0.6000,016,46.0000,2.2000,53.0000,A
ours_off_blk,0.6100,016,46.0000,2.2000,53.0000,A
ours_off_blk,0.6200,016,46.0000,2.2000,53.0000,A
ours_off_blk,0.6300,016,46.0000,2.2000,53.0000,A
ours_off_blk,0.6400,016,46.0000,2.2000,53.0000,A
ours_off_blk,0.6500,016,46.0000,2.2000,53.0000,A
ours_off_blk,0.6600,016,46.0000,2.2000,53.0000,A
ours_off_blk,0.6700,016,46.0000,2.2000,53.0000,A
ours_off_blk,0.6800,016,46.0000,2.2000,53.0000,A
ours_off_blk,0.6900,016,47.0000,3.2000,52.0000,A
ours_off_blk,0.7000,016,47.0000,3.2000,52.0000,A
ours_off_blk,0.7100,016,47.0000,3.2000,52.0000,A
ours_off_blk,0.7200,016,47.0000,3.2000,52.0000,A
ours_off_blk,0.7300,016,94.0000,50.2000,5.0000,D
ours_off_blk,0.7400,016,94.0000,50.2000,5.0000,D
ours_off_blk,0.7500,016,94.0000,50.2000,5.0000,D
ours_off_blk,0.7600,016,94.0000,50.2000,5.0000,D
ours_off_blk,0.7700,016,94.0000,50.2000,5.0000,D
ours_off_blk,0.7800,016,94.0000,50.2000,5.0000,D
ours_off_blk,0.7900,016,94.0000,50.2000,5.0000,D
ours_off_blk,0.8000,016,94.0000,50.2000,5.0000,D
ours_off_blk,0.8100,016,94.0000,50.2000,5.0000,D
ours_off_blk,0.8200,016,94.0000,50.2000,5.0000,D
ours_off_blk,0.8300,016,95.0000,51.2000,4.0000,D
ours_off_blk,0.8400,016,95.0000,51.2000,4.0000,D
ours_off_blk,0.8500,016,95.0000,51.2000,4.0000,D
ours_off_blk,0.8600,016,95.0000,51.2000,4.0000,D
ours_off_blk,0.8700,016,95.0000,51.2000,4.0000,D
ours_off_blk,0.8800,016,95.0000,51.2000,4.0000,D
ours_off_blk,0.8900,016,95.0000,51.2000,4.0000,D
ours_off_blk,0.9000,016,95.0000,51.2000,4.0000,D
ours_off_blk,0.9100,016,95.0000,51.2000,4.0000,D
ours_off_blk,0.9200,016,95.0000,51.2000,4.0000,D
ours_off_blk,0.9300,016,96.0000,52.2000,3.0000,D
ours_off_blk,0.9400,016,96.0000,52.2000,3.0000,D
ours_off_blk,0.9500,016,96.0000,52.2000,3.0000,D
ours_ae_blk,0.2000,016,45.0000,1.2000,54.0000,A
ours_ae_blk,0.2100,016,45.0000,1.2000,54.0000,A
ours_ae_blk,0.2200,016,45.0000,1.2000,54.0000,A
ours_ae_blk,0.2300,016,45.0000,1.2000,54.0000,A
ours_ae_blk,0.2400,016,45.0000,1.2000,54.0000,A
ours_ae_blk,0.2500,016,45.0000,1.2000,54.0000,A
ours_ae_blk,0.2600,016,45.0000,1.2000,54.0000,A
ours_ae_blk,0.2700,016,45.0000,1.2000,54.0000,A
ours_ae_blk,0.2800,016,45.0000,1.2000,54.0000,A
ours_ae_blk,0.2900,016,46.0000,2.2000,53.0000,A
ours_ae_blk,0.3000,016,46.0000,2.2000,53.0000,A
ours_ae_blk,0.3100,016,46.0000,2.2000,53.0000,A
ours_ae_blk,0.3200,016,46.0000,2.2000,53.0000,A
ours_ae_blk,0.3300,016,46.0000,2.2000,53.0000,A
ours_ae_blk,0.3400,016,46.0000,2.2000,53.0000,A
ours_ae_blk,0.3500,016,46.0000,2.2000,53.0000,A
ours_ae_blk,0.3600,016,46.0000,2.2000,53.0000,A
ours_ae_blk,0.3700,016,46.0000,2.2000,53.0000,A
ours_ae_blk,0.3800,016,46.0000,2.2000,53.0000,A
ours_ae_blk,0.3900,016,46.0000,2.2000,53.0000,A
ours_ae_blk,0.4000,016,46.0000,2.2000,53.0000,A
ours_ae_blk,0.4100,016,46.0000,2.2000,53.0000,A
ours_ae_blk,0.4200,016,46.0000,2.2000,53.0000,A
ours_ae_blk,0.4300,016,46.0000,2.2000,53.0000,A
ours_ae_blk,0.4400,016,46.0000,2.2000,53.0000,A
ours_ae_blk,0.4500,016,46.0000,2.2000,53.0000,A
ours_ae_blk,0.4600,016,46.0000,2.2000,53.0000,A
ours_ae_blk,0.4700,016,46.0000,2.2000,53.0000,A
ours_ae_blk,0.4800,016,46.0000,2.2000,53.0000,A
ours_ae_blk,0.4900,016,46.0000,2.2000,53.0000,A
ours_ae_blk,0.5000,016,46.0000,2.2000,53.0000,A
ours_ae_blk,0.5100,016,46.0000,2.2000,53.0000,A
ours_ae_blk,0.5200,016,46.0000,2.2000,53.0000,A
ours_ae_blk,0.5300,016,46.0000,2.2000,53.0000,A
ours_ae_blk,0.5400,016,46.0000,2.2000,53.0000,A
ours_ae_blk,0.5500,016,46.0000,2.2000,53.0000,A
ours_ae_blk,0.5600,016,46.0000,2.2000,53.0000,A
ours_ae_blk,0.5700,016,46.0000,2.2000,53.0000,A
ours_ae_blk,0.5800,016,46.0000,2.2000,53.0000,A
ours_ae_blk,0.5900,016,46.0000,2.2000,53.0000,A
ours_ae_blk,0.6000,016,46.0000,2.2000,53.0000,A
ours_ae_blk,0.6100,016,46.0000,2.2000,53.0000,A
ours_ae_blk,0.6200,016,46.0000,2.2000,53.0000,A
ours_ae_blk,0.6300,016,46.0000,2.2000,53.0000,A
ours_ae_blk,0.6400,016,46.0000,2.2000,53.0000,A
ours_ae_blk,0.6500,016,46.0000,2.2000,53.0000,A
ours_ae_blk,0.6600,016,46.0000,2.2000,53.0000,A
ours_ae_blk,0.6700,016,46.0000,2.2000,53.0000,A
ours_ae_blk,0.6800,016,46.0000,2.2000,53.0000,A
ours_ae_blk,0.6900,016,47.0000,3.2000,52.0000,A
ours_ae_blk,0.7000,016,47.0000,3.2000,52.0000,A
ours_ae_blk,0.7100,016,47.0000,3.2000,52.0000,A
ours_ae_blk,0.7200,016,47.0000,3.2000,52.0000,A
ours_ae_blk,0.7300,016,94.0000,50.2000,5.0000,D
ours_ae_blk,0.7400,016,94.0000,50.2000,5.0000,D
ours_ae_blk,0.7500,016,94.0000,50.2000,5.0000,D
ours_ae_blk,0.7600,016,94.0000,50.2000,5.0000,D
ours_ae_blk,0.7700,016,94.0000,50.2000,5.0000,D
ours_ae_blk,0.7800,016,94.0000,50.2000,5.0000,D
ours_ae_blk,0.7900,016,94.0000,50.2000,5.0000,D
ours_ae_blk,0.8000,016,94.0000,50.2000,5.0000,D
ours_ae_blk,0.8100,016,94.0000,50.2000,5.0000,D
ours_ae_blk,0.8200,016,94.0000,50.2000,5.0000,D
ours_ae_blk,0.8300,016,95.0000,51.2000,4.0000,D
ours_ae_blk,0.8400,016,95.0000,51.2000,4.0000,D
ours_ae_blk,0.8500,016,95.0000,51.2000,4.0000,D
ours_ae_blk,0.8600,016,95.0000,51.2000,4.0000,D
ours_ae_blk,0.8700,016,95.0000,51.2000,4.0000,D
ours_ae_blk,0.8800,016,95.0000,51.2000,4.0000,D
ours_ae_blk,0.8900,016,95.0000,51.2000,4.0000,D
ours_ae_blk,0.9000,016,95.0000,51.2000,4.0000,D
ours_ae_blk,0.9100,016,95.0000,51.2000,4.0000,D
ours_ae_blk,0.9200,016,95.0000,51.2000,4.0000,D
ours_ae_blk,0.9300,016,96.0000,52.2000,3.0000,D
ours_ae_blk,0.9400,016,96.0000,52.2000,3.0000,D
ours_ae_blk,0.9500,016,96.0000,52.2000,3.0000,D
ours_off_pt,,016,46.8873,3.0873,52.1127,A
ours_ae_pt,,016,46.8873,3.0873,52.1127,A
B1_累积能量,1.5000,017,56.5217,-25.9783,42.4783,E
B1_累积能量,1.6411,017,60.8696,-21.6304,38.1304,E
B1_累积能量,1.7955,017,66.3043,-16.1957,32.6957,E
B1_累积能量,1.9644,017,72.8261,-9.6739,26.1739,A
B1_累积能量,2.1492,017,78.2609,-4.2391,20.7391,A
B1_累积能量,2.3514,017,82.6087,0.1087,16.3913,A
B1_累积能量,2.5726,017,82.6087,0.1087,16.3913,A
B1_累积能量,2.8147,017,82.6087,0.1087,16.3913,A
B1_累积能量,3.0795,017,82.6087,0.1087,16.3913,A
B1_累积能量,3.3692,017,82.6087,0.1087,16.3913,A
B1_累积能量,3.6861,017,82.6087,0.1087,16.3913,A
B1_累积能量,4.0329,017,82.6087,0.1087,16.3913,A
B1_累积能量,4.4123,017,82.6087,0.1087,16.3913,A
B1_累积能量,4.8274,017,83.6957,1.1957,15.3043,A
B1_累积能量,5.2816,017,83.6957,1.1957,15.3043,A
B1_累积能量,5.7785,017,83.6957,1.1957,15.3043,A
B1_累积能量,6.3221,017,83.6957,1.1957,15.3043,A
B1_累积能量,6.9169,017,83.6957,1.1957,15.3043,A
B1_累积能量,7.5676,017,83.6957,1.1957,15.3043,A
B1_累积能量,8.2795,017,83.6957,1.1957,15.3043,A
B1_累积能量,9.0585,017,83.6957,1.1957,15.3043,A
B1_累积能量,9.9107,017,83.6957,1.1957,15.3043,A
B1_累积能量,10.8430,017,83.6957,1.1957,15.3043,A
B1_累积能量,11.8631,017,84.7826,2.2826,14.2174,A
B1_累积能量,12.9792,017,84.7826,2.2826,14.2174,A
B1_累积能量,14.2002,017,84.7826,2.2826,14.2174,A
B1_累积能量,15.5362,017,84.7826,2.2826,14.2174,A
B1_累积能量,16.9978,017,84.7826,2.2826,14.2174,A
B1_累积能量,18.5969,017,84.7826,2.2826,14.2174,A
B1_累积能量,20.3464,017,85.8696,3.3696,13.1304,A
B1_累积能量,22.2606,017,98.9130,16.4130,0.0870,D
B1_累积能量,24.3548,017,98.9130,16.4130,0.0870,D
B1_累积能量,26.6460,017,98.9130,16.4130,0.0870,D
B1_累积能量,29.1528,017,98.9130,16.4130,0.0870,D
B1_累积能量,31.8955,017,98.9130,16.4130,0.0870,D
B1_累积能量,34.8961,017,98.9130,16.4130,0.0870,D
B1_累积能量,38.1791,017,98.9130,16.4130,0.0870,D
B1_累积能量,41.7709,017,98.9130,16.4130,0.0870,D
B1_累积能量,45.7006,017,98.9130,16.4130,0.0870,D
B1_累积能量,50.0000,017,98.9130,16.4130,0.0870,D
B2_块能量EWMA,1.5000,017,13.0435,-69.4565,85.9565,E
B2_块能量EWMA,1.7005,017,13.0435,-69.4565,85.9565,E
B2_块能量EWMA,1.9278,017,13.0435,-69.4565,85.9565,E
B2_块能量EWMA,2.1855,017,13.0435,-69.4565,85.9565,E
B2_块能量EWMA,2.4776,017,13.0435,-69.4565,85.9565,E
B2_块能量EWMA,2.8088,017,13.0435,-69.4565,85.9565,E
B2_块能量EWMA,3.1842,017,13.0435,-69.4565,85.9565,E
B2_块能量EWMA,3.6099,017,82.6087,0.1087,16.3913,A
B2_块能量EWMA,4.0924,017,82.6087,0.1087,16.3913,A
B2_块能量EWMA,4.6394,017,82.6087,0.1087,16.3913,A
B2_块能量EWMA,5.2595,017,82.6087,0.1087,16.3913,A
B2_块能量EWMA,5.9626,017,82.6087,0.1087,16.3913,A
B2_块能量EWMA,6.7596,017,82.6087,0.1087,16.3913,A
B2_块能量EWMA,7.6631,017,82.6087,0.1087,16.3913,A
B2_块能量EWMA,8.6874,017,82.6087,0.1087,16.3913,A
B2_块能量EWMA,9.8486,017,82.6087,0.1087,16.3913,A
B2_块能量EWMA,11.1651,017,82.6087,0.1087,16.3913,A
B2_块能量EWMA,12.6575,017,82.6087,0.1087,16.3913,A
B2_块能量EWMA,14.3493,017,82.6087,0.1087,16.3913,A
B2_块能量EWMA,16.2674,017,82.6087,0.1087,16.3913,A
B2_块能量EWMA,18.4418,017,82.6087,0.1087,16.3913,A
B2_块能量EWMA,20.9069,017,82.6087,0.1087,16.3913,A
B2_块能量EWMA,23.7014,017,82.6087,0.1087,16.3913,A
B2_块能量EWMA,26.8695,017,82.6087,0.1087,16.3913,A
B2_块能量EWMA,30.4611,017,82.6087,0.1087,16.3913,A
B2_块能量EWMA,34.5328,017,83.6957,1.1957,15.3043,A
B2_块能量EWMA,39.1487,017,83.6957,1.1957,15.3043,A
B2_块能量EWMA,44.3816,017,83.6957,1.1957,15.3043,A
B2_块能量EWMA,50.3139,017,83.6957,1.1957,15.3043,A
B2_块能量EWMA,57.0393,017,83.6957,1.1957,15.3043,A
B2_块能量EWMA,64.6635,017,83.6957,1.1957,15.3043,A
B2_块能量EWMA,73.3069,017,83.6957,1.1957,15.3043,A
B2_块能量EWMA,83.1057,017,83.6957,1.1957,15.3043,A
B2_块能量EWMA,94.2142,017,83.6957,1.1957,15.3043,A
B2_块能量EWMA,106.8075,017,98.9130,16.4130,0.0870,D
B2_块能量EWMA,121.0842,017,98.9130,16.4130,0.0870,D
B2_块能量EWMA,137.2692,017,98.9130,16.4130,0.0870,D
B2_块能量EWMA,155.6176,017,98.9130,16.4130,0.0870,D
B2_块能量EWMA,176.4186,017,98.9130,16.4130,0.0870,D
B2_块能量EWMA,200.0000,017,98.9130,16.4130,0.0870,D
B3_累积事件数,1.5000,017,53.2609,-29.2391,45.7391,E
B3_累积事件数,1.6411,017,58.6957,-23.8043,40.3043,E
B3_累积事件数,1.7955,017,64.1304,-18.3696,34.8696,E
B3_累积事件数,1.9644,017,69.5652,-12.9348,29.4348,A
B3_累积事件数,2.1492,017,76.0870,-6.4130,22.9130,A
B3_累积事件数,2.3514,017,83.6957,1.1957,15.3043,A
B3_累积事件数,2.5726,017,91.3043,8.8043,7.6957,A
B3_累积事件数,2.8147,017,,,,C
B3_累积事件数,3.0795,017,,,,C
B3_累积事件数,3.3692,017,,,,C
B3_累积事件数,3.6861,017,,,,C
B3_累积事件数,4.0329,017,,,,C
B3_累积事件数,4.4123,017,,,,C
B3_累积事件数,4.8274,017,,,,C
B3_累积事件数,5.2816,017,,,,C
B3_累积事件数,5.7785,017,,,,C
B3_累积事件数,6.3221,017,,,,C
B3_累积事件数,6.9169,017,,,,C
B3_累积事件数,7.5676,017,,,,C
B3_累积事件数,8.2795,017,,,,C
B3_累积事件数,9.0585,017,,,,C
B3_累积事件数,9.9107,017,,,,C
B3_累积事件数,10.8430,017,,,,C
B3_累积事件数,11.8631,017,,,,C
B3_累积事件数,12.9792,017,,,,C
B3_累积事件数,14.2002,017,,,,C
B3_累积事件数,15.5362,017,,,,C
B3_累积事件数,16.9978,017,,,,C
B3_累积事件数,18.5969,017,,,,C
B3_累积事件数,20.3464,017,,,,C
B3_累积事件数,22.2606,017,,,,C
B3_累积事件数,24.3548,017,,,,C
B3_累积事件数,26.6460,017,,,,C
B3_累积事件数,29.1528,017,,,,C
B3_累积事件数,31.8955,017,,,,C
B3_累积事件数,34.8961,017,,,,C
B3_累积事件数,38.1791,017,,,,C
B3_累积事件数,41.7709,017,,,,C
B3_累积事件数,45.7006,017,,,,C
B3_累积事件数,50.0000,017,,,,C
ours_off_blk,0.2000,017,83.6957,1.1957,15.3043,A
ours_off_blk,0.2100,017,83.6957,1.1957,15.3043,A
ours_off_blk,0.2200,017,83.6957,1.1957,15.3043,A
ours_off_blk,0.2300,017,83.6957,1.1957,15.3043,A
ours_off_blk,0.2400,017,83.6957,1.1957,15.3043,A
ours_off_blk,0.2500,017,83.6957,1.1957,15.3043,A
ours_off_blk,0.2600,017,83.6957,1.1957,15.3043,A
ours_off_blk,0.2700,017,83.6957,1.1957,15.3043,A
ours_off_blk,0.2800,017,84.7826,2.2826,14.2174,A
ours_off_blk,0.2900,017,84.7826,2.2826,14.2174,A
ours_off_blk,0.3000,017,84.7826,2.2826,14.2174,A
ours_off_blk,0.3100,017,84.7826,2.2826,14.2174,A
ours_off_blk,0.3200,017,84.7826,2.2826,14.2174,A
ours_off_blk,0.3300,017,84.7826,2.2826,14.2174,A
ours_off_blk,0.3400,017,84.7826,2.2826,14.2174,A
ours_off_blk,0.3500,017,84.7826,2.2826,14.2174,A
ours_off_blk,0.3600,017,84.7826,2.2826,14.2174,A
ours_off_blk,0.3700,017,84.7826,2.2826,14.2174,A
ours_off_blk,0.3800,017,84.7826,2.2826,14.2174,A
ours_off_blk,0.3900,017,84.7826,2.2826,14.2174,A
ours_off_blk,0.4000,017,84.7826,2.2826,14.2174,A
ours_off_blk,0.4100,017,84.7826,2.2826,14.2174,A
ours_off_blk,0.4200,017,84.7826,2.2826,14.2174,A
ours_off_blk,0.4300,017,84.7826,2.2826,14.2174,A
ours_off_blk,0.4400,017,84.7826,2.2826,14.2174,A
ours_off_blk,0.4500,017,84.7826,2.2826,14.2174,A
ours_off_blk,0.4600,017,84.7826,2.2826,14.2174,A
ours_off_blk,0.4700,017,84.7826,2.2826,14.2174,A
ours_off_blk,0.4800,017,84.7826,2.2826,14.2174,A
ours_off_blk,0.4900,017,84.7826,2.2826,14.2174,A
ours_off_blk,0.5000,017,84.7826,2.2826,14.2174,A
ours_off_blk,0.5100,017,84.7826,2.2826,14.2174,A
ours_off_blk,0.5200,017,84.7826,2.2826,14.2174,A
ours_off_blk,0.5300,017,84.7826,2.2826,14.2174,A
ours_off_blk,0.5400,017,84.7826,2.2826,14.2174,A
ours_off_blk,0.5500,017,84.7826,2.2826,14.2174,A
ours_off_blk,0.5600,017,84.7826,2.2826,14.2174,A
ours_off_blk,0.5700,017,84.7826,2.2826,14.2174,A
ours_off_blk,0.5800,017,84.7826,2.2826,14.2174,A
ours_off_blk,0.5900,017,84.7826,2.2826,14.2174,A
ours_off_blk,0.6000,017,84.7826,2.2826,14.2174,A
ours_off_blk,0.6100,017,84.7826,2.2826,14.2174,A
ours_off_blk,0.6200,017,84.7826,2.2826,14.2174,A
ours_off_blk,0.6300,017,84.7826,2.2826,14.2174,A
ours_off_blk,0.6400,017,84.7826,2.2826,14.2174,A
ours_off_blk,0.6500,017,84.7826,2.2826,14.2174,A
ours_off_blk,0.6600,017,84.7826,2.2826,14.2174,A
ours_off_blk,0.6700,017,84.7826,2.2826,14.2174,A
ours_off_blk,0.6800,017,84.7826,2.2826,14.2174,A
ours_off_blk,0.6900,017,85.8696,3.3696,13.1304,A
ours_off_blk,0.7000,017,85.8696,3.3696,13.1304,A
ours_off_blk,0.7100,017,85.8696,3.3696,13.1304,A
ours_off_blk,0.7200,017,85.8696,3.3696,13.1304,A
ours_off_blk,0.7300,017,85.8696,3.3696,13.1304,A
ours_off_blk,0.7400,017,85.8696,3.3696,13.1304,A
ours_off_blk,0.7500,017,85.8696,3.3696,13.1304,A
ours_off_blk,0.7600,017,85.8696,3.3696,13.1304,A
ours_off_blk,0.7700,017,85.8696,3.3696,13.1304,A
ours_off_blk,0.7800,017,85.8696,3.3696,13.1304,A
ours_off_blk,0.7900,017,85.8696,3.3696,13.1304,A
ours_off_blk,0.8000,017,85.8696,3.3696,13.1304,A
ours_off_blk,0.8100,017,85.8696,3.3696,13.1304,A
ours_off_blk,0.8200,017,85.8696,3.3696,13.1304,A
ours_off_blk,0.8300,017,85.8696,3.3696,13.1304,A
ours_off_blk,0.8400,017,85.8696,3.3696,13.1304,A
ours_off_blk,0.8500,017,85.8696,3.3696,13.1304,A
ours_off_blk,0.8600,017,86.9565,4.4565,12.0435,A
ours_off_blk,0.8700,017,86.9565,4.4565,12.0435,A
ours_off_blk,0.8800,017,86.9565,4.4565,12.0435,A
ours_off_blk,0.8900,017,86.9565,4.4565,12.0435,A
ours_off_blk,0.9000,017,86.9565,4.4565,12.0435,A
ours_off_blk,0.9100,017,86.9565,4.4565,12.0435,A
ours_off_blk,0.9200,017,86.9565,4.4565,12.0435,A
ours_off_blk,0.9300,017,86.9565,4.4565,12.0435,A
ours_off_blk,0.9400,017,88.0435,5.5435,10.9565,A
ours_off_blk,0.9500,017,88.0435,5.5435,10.9565,A
ours_ae_blk,0.2000,017,83.6957,1.1957,15.3043,A
ours_ae_blk,0.2100,017,83.6957,1.1957,15.3043,A
ours_ae_blk,0.2200,017,83.6957,1.1957,15.3043,A
ours_ae_blk,0.2300,017,83.6957,1.1957,15.3043,A
ours_ae_blk,0.2400,017,83.6957,1.1957,15.3043,A
ours_ae_blk,0.2500,017,83.6957,1.1957,15.3043,A
ours_ae_blk,0.2600,017,83.6957,1.1957,15.3043,A
ours_ae_blk,0.2700,017,83.6957,1.1957,15.3043,A
ours_ae_blk,0.2800,017,84.7826,2.2826,14.2174,A
ours_ae_blk,0.2900,017,84.7826,2.2826,14.2174,A
ours_ae_blk,0.3000,017,84.7826,2.2826,14.2174,A
ours_ae_blk,0.3100,017,84.7826,2.2826,14.2174,A
ours_ae_blk,0.3200,017,84.7826,2.2826,14.2174,A
ours_ae_blk,0.3300,017,84.7826,2.2826,14.2174,A
ours_ae_blk,0.3400,017,84.7826,2.2826,14.2174,A
ours_ae_blk,0.3500,017,84.7826,2.2826,14.2174,A
ours_ae_blk,0.3600,017,84.7826,2.2826,14.2174,A
ours_ae_blk,0.3700,017,84.7826,2.2826,14.2174,A
ours_ae_blk,0.3800,017,84.7826,2.2826,14.2174,A
ours_ae_blk,0.3900,017,84.7826,2.2826,14.2174,A
ours_ae_blk,0.4000,017,84.7826,2.2826,14.2174,A
ours_ae_blk,0.4100,017,84.7826,2.2826,14.2174,A
ours_ae_blk,0.4200,017,84.7826,2.2826,14.2174,A
ours_ae_blk,0.4300,017,84.7826,2.2826,14.2174,A
ours_ae_blk,0.4400,017,84.7826,2.2826,14.2174,A
ours_ae_blk,0.4500,017,84.7826,2.2826,14.2174,A
ours_ae_blk,0.4600,017,84.7826,2.2826,14.2174,A
ours_ae_blk,0.4700,017,84.7826,2.2826,14.2174,A
ours_ae_blk,0.4800,017,84.7826,2.2826,14.2174,A
ours_ae_blk,0.4900,017,84.7826,2.2826,14.2174,A
ours_ae_blk,0.5000,017,84.7826,2.2826,14.2174,A
ours_ae_blk,0.5100,017,84.7826,2.2826,14.2174,A
ours_ae_blk,0.5200,017,84.7826,2.2826,14.2174,A
ours_ae_blk,0.5300,017,84.7826,2.2826,14.2174,A
ours_ae_blk,0.5400,017,84.7826,2.2826,14.2174,A
ours_ae_blk,0.5500,017,84.7826,2.2826,14.2174,A
ours_ae_blk,0.5600,017,84.7826,2.2826,14.2174,A
ours_ae_blk,0.5700,017,84.7826,2.2826,14.2174,A
ours_ae_blk,0.5800,017,84.7826,2.2826,14.2174,A
ours_ae_blk,0.5900,017,84.7826,2.2826,14.2174,A
ours_ae_blk,0.6000,017,84.7826,2.2826,14.2174,A
ours_ae_blk,0.6100,017,84.7826,2.2826,14.2174,A
ours_ae_blk,0.6200,017,84.7826,2.2826,14.2174,A
ours_ae_blk,0.6300,017,84.7826,2.2826,14.2174,A
ours_ae_blk,0.6400,017,84.7826,2.2826,14.2174,A
ours_ae_blk,0.6500,017,84.7826,2.2826,14.2174,A
ours_ae_blk,0.6600,017,84.7826,2.2826,14.2174,A
ours_ae_blk,0.6700,017,84.7826,2.2826,14.2174,A
ours_ae_blk,0.6800,017,84.7826,2.2826,14.2174,A
ours_ae_blk,0.6900,017,85.8696,3.3696,13.1304,A
ours_ae_blk,0.7000,017,85.8696,3.3696,13.1304,A
ours_ae_blk,0.7100,017,85.8696,3.3696,13.1304,A
ours_ae_blk,0.7200,017,85.8696,3.3696,13.1304,A
ours_ae_blk,0.7300,017,85.8696,3.3696,13.1304,A
ours_ae_blk,0.7400,017,85.8696,3.3696,13.1304,A
ours_ae_blk,0.7500,017,85.8696,3.3696,13.1304,A
ours_ae_blk,0.7600,017,85.8696,3.3696,13.1304,A
ours_ae_blk,0.7700,017,85.8696,3.3696,13.1304,A
ours_ae_blk,0.7800,017,85.8696,3.3696,13.1304,A
ours_ae_blk,0.7900,017,85.8696,3.3696,13.1304,A
ours_ae_blk,0.8000,017,85.8696,3.3696,13.1304,A
ours_ae_blk,0.8100,017,85.8696,3.3696,13.1304,A
ours_ae_blk,0.8200,017,85.8696,3.3696,13.1304,A
ours_ae_blk,0.8300,017,85.8696,3.3696,13.1304,A
ours_ae_blk,0.8400,017,85.8696,3.3696,13.1304,A
ours_ae_blk,0.8500,017,85.8696,3.3696,13.1304,A
ours_ae_blk,0.8600,017,86.9565,4.4565,12.0435,A
ours_ae_blk,0.8700,017,86.9565,4.4565,12.0435,A
ours_ae_blk,0.8800,017,86.9565,4.4565,12.0435,A
ours_ae_blk,0.8900,017,86.9565,4.4565,12.0435,A
ours_ae_blk,0.9000,017,86.9565,4.4565,12.0435,A
ours_ae_blk,0.9100,017,86.9565,4.4565,12.0435,A
ours_ae_blk,0.9200,017,86.9565,4.4565,12.0435,A
ours_ae_blk,0.9300,017,86.9565,4.4565,12.0435,A
ours_ae_blk,0.9400,017,88.0435,5.5435,10.9565,A
ours_ae_blk,0.9500,017,88.0435,5.5435,10.9565,A
ours_off_pt,,017,85.8655,3.3655,13.1345,A
ours_ae_pt,,017,85.8655,3.3655,13.1345,A
B1_累积能量,1.5000,018,70.0000,0.3000,29.0000,A
B1_累积能量,1.6411,018,70.0000,0.3000,29.0000,A
B1_累积能量,1.7955,018,70.0000,0.3000,29.0000,A
B1_累积能量,1.9644,018,70.0000,0.3000,29.0000,A
B1_累积能量,2.1492,018,70.0000,0.3000,29.0000,A
B1_累积能量,2.3514,018,70.0000,0.3000,29.0000,A
B1_累积能量,2.5726,018,70.0000,0.3000,29.0000,A
B1_累积能量,2.8147,018,70.0000,0.3000,29.0000,A
B1_累积能量,3.0795,018,70.0000,0.3000,29.0000,A
B1_累积能量,3.3692,018,70.0000,0.3000,29.0000,A
B1_累积能量,3.6861,018,70.0000,0.3000,29.0000,A
B1_累积能量,4.0329,018,70.0000,0.3000,29.0000,A
B1_累积能量,4.4123,018,70.0000,0.3000,29.0000,A
B1_累积能量,4.8274,018,70.0000,0.3000,29.0000,A
B1_累积能量,5.2816,018,70.0000,0.3000,29.0000,A
B1_累积能量,5.7785,018,70.0000,0.3000,29.0000,A
B1_累积能量,6.3221,018,70.0000,0.3000,29.0000,A
B1_累积能量,6.9169,018,70.0000,0.3000,29.0000,A
B1_累积能量,7.5676,018,70.0000,0.3000,29.0000,A
B1_累积能量,8.2795,018,70.0000,0.3000,29.0000,A
B1_累积能量,9.0585,018,70.0000,0.3000,29.0000,A
B1_累积能量,9.9107,018,70.0000,0.3000,29.0000,A
B1_累积能量,10.8430,018,70.0000,0.3000,29.0000,A
B1_累积能量,11.8631,018,70.0000,0.3000,29.0000,A
B1_累积能量,12.9792,018,70.0000,0.3000,29.0000,A
B1_累积能量,14.2002,018,70.0000,0.3000,29.0000,A
B1_累积能量,15.5362,018,70.0000,0.3000,29.0000,A
B1_累积能量,16.9978,018,70.0000,0.3000,29.0000,A
B1_累积能量,18.5969,018,70.0000,0.3000,29.0000,A
B1_累积能量,20.3464,018,70.0000,0.3000,29.0000,A
B1_累积能量,22.2606,018,70.0000,0.3000,29.0000,A
B1_累积能量,24.3548,018,70.0000,0.3000,29.0000,A
B1_累积能量,26.6460,018,70.0000,0.3000,29.0000,A
B1_累积能量,29.1528,018,70.0000,0.3000,29.0000,A
B1_累积能量,31.8955,018,70.0000,0.3000,29.0000,A
B1_累积能量,34.8961,018,70.0000,0.3000,29.0000,A
B1_累积能量,38.1791,018,70.0000,0.3000,29.0000,A
B1_累积能量,41.7709,018,70.0000,0.3000,29.0000,A
B1_累积能量,45.7006,018,70.0000,0.3000,29.0000,A
B1_累积能量,50.0000,018,70.0000,0.3000,29.0000,A
B2_块能量EWMA,1.5000,018,0.0000,-69.7000,99.0000,E
B2_块能量EWMA,1.7005,018,0.0000,-69.7000,99.0000,E
B2_块能量EWMA,1.9278,018,0.0000,-69.7000,99.0000,E
B2_块能量EWMA,2.1855,018,0.0000,-69.7000,99.0000,E
B2_块能量EWMA,2.4776,018,0.0000,-69.7000,99.0000,E
B2_块能量EWMA,2.8088,018,0.0000,-69.7000,99.0000,E
B2_块能量EWMA,3.1842,018,0.0000,-69.7000,99.0000,E
B2_块能量EWMA,3.6099,018,0.0000,-69.7000,99.0000,E
B2_块能量EWMA,4.0924,018,0.0000,-69.7000,99.0000,E
B2_块能量EWMA,4.6394,018,0.0000,-69.7000,99.0000,E
B2_块能量EWMA,5.2595,018,0.0000,-69.7000,99.0000,E
B2_块能量EWMA,5.9626,018,0.0000,-69.7000,99.0000,E
B2_块能量EWMA,6.7596,018,0.0000,-69.7000,99.0000,E
B2_块能量EWMA,7.6631,018,0.0000,-69.7000,99.0000,E
B2_块能量EWMA,8.6874,018,1.4286,-68.2714,97.5714,E
B2_块能量EWMA,9.8486,018,70.0000,0.3000,29.0000,A
B2_块能量EWMA,11.1651,018,70.0000,0.3000,29.0000,A
B2_块能量EWMA,12.6575,018,70.0000,0.3000,29.0000,A
B2_块能量EWMA,14.3493,018,70.0000,0.3000,29.0000,A
B2_块能量EWMA,16.2674,018,70.0000,0.3000,29.0000,A
B2_块能量EWMA,18.4418,018,70.0000,0.3000,29.0000,A
B2_块能量EWMA,20.9069,018,70.0000,0.3000,29.0000,A
B2_块能量EWMA,23.7014,018,70.0000,0.3000,29.0000,A
B2_块能量EWMA,26.8695,018,70.0000,0.3000,29.0000,A
B2_块能量EWMA,30.4611,018,70.0000,0.3000,29.0000,A
B2_块能量EWMA,34.5328,018,70.0000,0.3000,29.0000,A
B2_块能量EWMA,39.1487,018,70.0000,0.3000,29.0000,A
B2_块能量EWMA,44.3816,018,70.0000,0.3000,29.0000,A
B2_块能量EWMA,50.3139,018,70.0000,0.3000,29.0000,A
B2_块能量EWMA,57.0393,018,70.0000,0.3000,29.0000,A
B2_块能量EWMA,64.6635,018,70.0000,0.3000,29.0000,A
B2_块能量EWMA,73.3069,018,70.0000,0.3000,29.0000,A
B2_块能量EWMA,83.1057,018,70.0000,0.3000,29.0000,A
B2_块能量EWMA,94.2142,018,70.0000,0.3000,29.0000,A
B2_块能量EWMA,106.8075,018,70.0000,0.3000,29.0000,A
B2_块能量EWMA,121.0842,018,70.0000,0.3000,29.0000,A
B2_块能量EWMA,137.2692,018,70.0000,0.3000,29.0000,A
B2_块能量EWMA,155.6176,018,70.0000,0.3000,29.0000,A
B2_块能量EWMA,176.4186,018,70.0000,0.3000,29.0000,A
B2_块能量EWMA,200.0000,018,70.0000,0.3000,29.0000,A
B3_累积事件数,1.5000,018,70.0000,0.3000,29.0000,A
B3_累积事件数,1.6411,018,77.1429,7.4429,21.8571,A
B3_累积事件数,1.7955,018,84.2857,14.5857,14.7143,A
B3_累积事件数,1.9644,018,91.4286,21.7286,7.5714,D
B3_累积事件数,2.1492,018,,,,C
B3_累积事件数,2.3514,018,,,,C
B3_累积事件数,2.5726,018,,,,C
B3_累积事件数,2.8147,018,,,,C
B3_累积事件数,3.0795,018,,,,C
B3_累积事件数,3.3692,018,,,,C
B3_累积事件数,3.6861,018,,,,C
B3_累积事件数,4.0329,018,,,,C
B3_累积事件数,4.4123,018,,,,C
B3_累积事件数,4.8274,018,,,,C
B3_累积事件数,5.2816,018,,,,C
B3_累积事件数,5.7785,018,,,,C
B3_累积事件数,6.3221,018,,,,C
B3_累积事件数,6.9169,018,,,,C
B3_累积事件数,7.5676,018,,,,C
B3_累积事件数,8.2795,018,,,,C
B3_累积事件数,9.0585,018,,,,C
B3_累积事件数,9.9107,018,,,,C
B3_累积事件数,10.8430,018,,,,C
B3_累积事件数,11.8631,018,,,,C
B3_累积事件数,12.9792,018,,,,C
B3_累积事件数,14.2002,018,,,,C
B3_累积事件数,15.5362,018,,,,C
B3_累积事件数,16.9978,018,,,,C
B3_累积事件数,18.5969,018,,,,C
B3_累积事件数,20.3464,018,,,,C
B3_累积事件数,22.2606,018,,,,C
B3_累积事件数,24.3548,018,,,,C
B3_累积事件数,26.6460,018,,,,C
B3_累积事件数,29.1528,018,,,,C
B3_累积事件数,31.8955,018,,,,C
B3_累积事件数,34.8961,018,,,,C
B3_累积事件数,38.1791,018,,,,C
B3_累积事件数,41.7709,018,,,,C
B3_累积事件数,45.7006,018,,,,C
B3_累积事件数,50.0000,018,,,,C
ours_off_blk,0.2000,018,47.1429,-22.5571,51.8571,E
ours_off_blk,0.2100,018,68.5714,-1.1286,30.4286,A
ours_off_blk,0.2200,018,68.5714,-1.1286,30.4286,A
ours_off_blk,0.2300,018,68.5714,-1.1286,30.4286,A
ours_off_blk,0.2400,018,70.0000,0.3000,29.0000,A
ours_off_blk,0.2500,018,70.0000,0.3000,29.0000,A
ours_off_blk,0.2600,018,70.0000,0.3000,29.0000,A
ours_off_blk,0.2700,018,70.0000,0.3000,29.0000,A
ours_off_blk,0.2800,018,70.0000,0.3000,29.0000,A
ours_off_blk,0.2900,018,70.0000,0.3000,29.0000,A
ours_off_blk,0.3000,018,70.0000,0.3000,29.0000,A
ours_off_blk,0.3100,018,70.0000,0.3000,29.0000,A
ours_off_blk,0.3200,018,70.0000,0.3000,29.0000,A
ours_off_blk,0.3300,018,70.0000,0.3000,29.0000,A
ours_off_blk,0.3400,018,70.0000,0.3000,29.0000,A
ours_off_blk,0.3500,018,70.0000,0.3000,29.0000,A
ours_off_blk,0.3600,018,70.0000,0.3000,29.0000,A
ours_off_blk,0.3700,018,70.0000,0.3000,29.0000,A
ours_off_blk,0.3800,018,70.0000,0.3000,29.0000,A
ours_off_blk,0.3900,018,70.0000,0.3000,29.0000,A
ours_off_blk,0.4000,018,70.0000,0.3000,29.0000,A
ours_off_blk,0.4100,018,70.0000,0.3000,29.0000,A
ours_off_blk,0.4200,018,70.0000,0.3000,29.0000,A
ours_off_blk,0.4300,018,70.0000,0.3000,29.0000,A
ours_off_blk,0.4400,018,70.0000,0.3000,29.0000,A
ours_off_blk,0.4500,018,70.0000,0.3000,29.0000,A
ours_off_blk,0.4600,018,70.0000,0.3000,29.0000,A
ours_off_blk,0.4700,018,70.0000,0.3000,29.0000,A
ours_off_blk,0.4800,018,70.0000,0.3000,29.0000,A
ours_off_blk,0.4900,018,70.0000,0.3000,29.0000,A
ours_off_blk,0.5000,018,70.0000,0.3000,29.0000,A
ours_off_blk,0.5100,018,70.0000,0.3000,29.0000,A
ours_off_blk,0.5200,018,70.0000,0.3000,29.0000,A
ours_off_blk,0.5300,018,70.0000,0.3000,29.0000,A
ours_off_blk,0.5400,018,70.0000,0.3000,29.0000,A
ours_off_blk,0.5500,018,70.0000,0.3000,29.0000,A
ours_off_blk,0.5600,018,70.0000,0.3000,29.0000,A
ours_off_blk,0.5700,018,70.0000,0.3000,29.0000,A
ours_off_blk,0.5800,018,70.0000,0.3000,29.0000,A
ours_off_blk,0.5900,018,70.0000,0.3000,29.0000,A
ours_off_blk,0.6000,018,70.0000,0.3000,29.0000,A
ours_off_blk,0.6100,018,70.0000,0.3000,29.0000,A
ours_off_blk,0.6200,018,70.0000,0.3000,29.0000,A
ours_off_blk,0.6300,018,70.0000,0.3000,29.0000,A
ours_off_blk,0.6400,018,70.0000,0.3000,29.0000,A
ours_off_blk,0.6500,018,70.0000,0.3000,29.0000,A
ours_off_blk,0.6600,018,70.0000,0.3000,29.0000,A
ours_off_blk,0.6700,018,71.4286,1.7286,27.5714,A
ours_off_blk,0.6800,018,71.4286,1.7286,27.5714,A
ours_off_blk,0.6900,018,71.4286,1.7286,27.5714,A
ours_off_blk,0.7000,018,71.4286,1.7286,27.5714,A
ours_off_blk,0.7100,018,71.4286,1.7286,27.5714,A
ours_off_blk,0.7200,018,71.4286,1.7286,27.5714,A
ours_off_blk,0.7300,018,71.4286,1.7286,27.5714,A
ours_off_blk,0.7400,018,71.4286,1.7286,27.5714,A
ours_off_blk,0.7500,018,71.4286,1.7286,27.5714,A
ours_off_blk,0.7600,018,71.4286,1.7286,27.5714,A
ours_off_blk,0.7700,018,71.4286,1.7286,27.5714,A
ours_off_blk,0.7800,018,71.4286,1.7286,27.5714,A
ours_off_blk,0.7900,018,71.4286,1.7286,27.5714,A
ours_off_blk,0.8000,018,71.4286,1.7286,27.5714,A
ours_off_blk,0.8100,018,71.4286,1.7286,27.5714,A
ours_off_blk,0.8200,018,71.4286,1.7286,27.5714,A
ours_off_blk,0.8300,018,71.4286,1.7286,27.5714,A
ours_off_blk,0.8400,018,71.4286,1.7286,27.5714,A
ours_off_blk,0.8500,018,71.4286,1.7286,27.5714,A
ours_off_blk,0.8600,018,72.8571,3.1571,26.1429,A
ours_off_blk,0.8700,018,72.8571,3.1571,26.1429,A
ours_off_blk,0.8800,018,72.8571,3.1571,26.1429,A
ours_off_blk,0.8900,018,72.8571,3.1571,26.1429,A
ours_off_blk,0.9000,018,72.8571,3.1571,26.1429,A
ours_off_blk,0.9100,018,72.8571,3.1571,26.1429,A
ours_off_blk,0.9200,018,72.8571,3.1571,26.1429,A
ours_off_blk,0.9300,018,72.8571,3.1571,26.1429,A
ours_off_blk,0.9400,018,74.2857,4.5857,24.7143,A
ours_off_blk,0.9500,018,74.2857,4.5857,24.7143,A
ours_ae_blk,0.2000,018,47.1429,-22.5571,51.8571,E
ours_ae_blk,0.2100,018,68.5714,-1.1286,30.4286,A
ours_ae_blk,0.2200,018,68.5714,-1.1286,30.4286,A
ours_ae_blk,0.2300,018,68.5714,-1.1286,30.4286,A
ours_ae_blk,0.2400,018,70.0000,0.3000,29.0000,A
ours_ae_blk,0.2500,018,70.0000,0.3000,29.0000,A
ours_ae_blk,0.2600,018,70.0000,0.3000,29.0000,A
ours_ae_blk,0.2700,018,70.0000,0.3000,29.0000,A
ours_ae_blk,0.2800,018,70.0000,0.3000,29.0000,A
ours_ae_blk,0.2900,018,70.0000,0.3000,29.0000,A
ours_ae_blk,0.3000,018,70.0000,0.3000,29.0000,A
ours_ae_blk,0.3100,018,70.0000,0.3000,29.0000,A
ours_ae_blk,0.3200,018,70.0000,0.3000,29.0000,A
ours_ae_blk,0.3300,018,70.0000,0.3000,29.0000,A
ours_ae_blk,0.3400,018,70.0000,0.3000,29.0000,A
ours_ae_blk,0.3500,018,70.0000,0.3000,29.0000,A
ours_ae_blk,0.3600,018,70.0000,0.3000,29.0000,A
ours_ae_blk,0.3700,018,70.0000,0.3000,29.0000,A
ours_ae_blk,0.3800,018,70.0000,0.3000,29.0000,A
ours_ae_blk,0.3900,018,70.0000,0.3000,29.0000,A
ours_ae_blk,0.4000,018,70.0000,0.3000,29.0000,A
ours_ae_blk,0.4100,018,70.0000,0.3000,29.0000,A
ours_ae_blk,0.4200,018,70.0000,0.3000,29.0000,A
ours_ae_blk,0.4300,018,70.0000,0.3000,29.0000,A
ours_ae_blk,0.4400,018,70.0000,0.3000,29.0000,A
ours_ae_blk,0.4500,018,70.0000,0.3000,29.0000,A
ours_ae_blk,0.4600,018,70.0000,0.3000,29.0000,A
ours_ae_blk,0.4700,018,70.0000,0.3000,29.0000,A
ours_ae_blk,0.4800,018,70.0000,0.3000,29.0000,A
ours_ae_blk,0.4900,018,70.0000,0.3000,29.0000,A
ours_ae_blk,0.5000,018,70.0000,0.3000,29.0000,A
ours_ae_blk,0.5100,018,70.0000,0.3000,29.0000,A
ours_ae_blk,0.5200,018,70.0000,0.3000,29.0000,A
ours_ae_blk,0.5300,018,70.0000,0.3000,29.0000,A
ours_ae_blk,0.5400,018,70.0000,0.3000,29.0000,A
ours_ae_blk,0.5500,018,70.0000,0.3000,29.0000,A
ours_ae_blk,0.5600,018,70.0000,0.3000,29.0000,A
ours_ae_blk,0.5700,018,70.0000,0.3000,29.0000,A
ours_ae_blk,0.5800,018,70.0000,0.3000,29.0000,A
ours_ae_blk,0.5900,018,70.0000,0.3000,29.0000,A
ours_ae_blk,0.6000,018,70.0000,0.3000,29.0000,A
ours_ae_blk,0.6100,018,70.0000,0.3000,29.0000,A
ours_ae_blk,0.6200,018,70.0000,0.3000,29.0000,A
ours_ae_blk,0.6300,018,70.0000,0.3000,29.0000,A
ours_ae_blk,0.6400,018,70.0000,0.3000,29.0000,A
ours_ae_blk,0.6500,018,70.0000,0.3000,29.0000,A
ours_ae_blk,0.6600,018,70.0000,0.3000,29.0000,A
ours_ae_blk,0.6700,018,71.4286,1.7286,27.5714,A
ours_ae_blk,0.6800,018,71.4286,1.7286,27.5714,A
ours_ae_blk,0.6900,018,71.4286,1.7286,27.5714,A
ours_ae_blk,0.7000,018,71.4286,1.7286,27.5714,A
ours_ae_blk,0.7100,018,71.4286,1.7286,27.5714,A
ours_ae_blk,0.7200,018,71.4286,1.7286,27.5714,A
ours_ae_blk,0.7300,018,71.4286,1.7286,27.5714,A
ours_ae_blk,0.7400,018,71.4286,1.7286,27.5714,A
ours_ae_blk,0.7500,018,71.4286,1.7286,27.5714,A
ours_ae_blk,0.7600,018,71.4286,1.7286,27.5714,A
ours_ae_blk,0.7700,018,71.4286,1.7286,27.5714,A
ours_ae_blk,0.7800,018,71.4286,1.7286,27.5714,A
ours_ae_blk,0.7900,018,71.4286,1.7286,27.5714,A
ours_ae_blk,0.8000,018,71.4286,1.7286,27.5714,A
ours_ae_blk,0.8100,018,71.4286,1.7286,27.5714,A
ours_ae_blk,0.8200,018,71.4286,1.7286,27.5714,A
ours_ae_blk,0.8300,018,71.4286,1.7286,27.5714,A
ours_ae_blk,0.8400,018,71.4286,1.7286,27.5714,A
ours_ae_blk,0.8500,018,71.4286,1.7286,27.5714,A
ours_ae_blk,0.8600,018,72.8571,3.1571,26.1429,A
ours_ae_blk,0.8700,018,72.8571,3.1571,26.1429,A
ours_ae_blk,0.8800,018,72.8571,3.1571,26.1429,A
ours_ae_blk,0.8900,018,72.8571,3.1571,26.1429,A
ours_ae_blk,0.9000,018,72.8571,3.1571,26.1429,A
ours_ae_blk,0.9100,018,72.8571,3.1571,26.1429,A
ours_ae_blk,0.9200,018,72.8571,3.1571,26.1429,A
ours_ae_blk,0.9300,018,72.8571,3.1571,26.1429,A
ours_ae_blk,0.9400,018,74.2857,4.5857,24.7143,A
ours_ae_blk,0.9500,018,74.2857,4.5857,24.7143,A
ours_off_pt,,018,70.9917,1.2917,28.0083,A
ours_ae_pt,,018,70.9917,1.2917,28.0083,A
B1_累积能量,1.5000,019,77.2152,0.2152,21.7848,A
B1_累积能量,1.6411,019,77.2152,0.2152,21.7848,A
B1_累积能量,1.7955,019,78.4810,1.4810,20.5190,A
B1_累积能量,1.9644,019,78.4810,1.4810,20.5190,A
B1_累积能量,2.1492,019,78.4810,1.4810,20.5190,A
B1_累积能量,2.3514,019,78.4810,1.4810,20.5190,A
B1_累积能量,2.5726,019,78.4810,1.4810,20.5190,A
B1_累积能量,2.8147,019,78.4810,1.4810,20.5190,A
B1_累积能量,3.0795,019,78.4810,1.4810,20.5190,A
B1_累积能量,3.3692,019,78.4810,1.4810,20.5190,A
B1_累积能量,3.6861,019,78.4810,1.4810,20.5190,A
B1_累积能量,4.0329,019,78.4810,1.4810,20.5190,A
B1_累积能量,4.4123,019,78.4810,1.4810,20.5190,A
B1_累积能量,4.8274,019,78.4810,1.4810,20.5190,A
B1_累积能量,5.2816,019,78.4810,1.4810,20.5190,A
B1_累积能量,5.7785,019,78.4810,1.4810,20.5190,A
B1_累积能量,6.3221,019,78.4810,1.4810,20.5190,A
B1_累积能量,6.9169,019,78.4810,1.4810,20.5190,A
B1_累积能量,7.5676,019,78.4810,1.4810,20.5190,A
B1_累积能量,8.2795,019,78.4810,1.4810,20.5190,A
B1_累积能量,9.0585,019,78.4810,1.4810,20.5190,A
B1_累积能量,9.9107,019,78.4810,1.4810,20.5190,A
B1_累积能量,10.8430,019,78.4810,1.4810,20.5190,A
B1_累积能量,11.8631,019,78.4810,1.4810,20.5190,A
B1_累积能量,12.9792,019,78.4810,1.4810,20.5190,A
B1_累积能量,14.2002,019,78.4810,1.4810,20.5190,A
B1_累积能量,15.5362,019,78.4810,1.4810,20.5190,A
B1_累积能量,16.9978,019,78.4810,1.4810,20.5190,A
B1_累积能量,18.5969,019,78.4810,1.4810,20.5190,A
B1_累积能量,20.3464,019,78.4810,1.4810,20.5190,A
B1_累积能量,22.2606,019,78.4810,1.4810,20.5190,A
B1_累积能量,24.3548,019,78.4810,1.4810,20.5190,A
B1_累积能量,26.6460,019,78.4810,1.4810,20.5190,A
B1_累积能量,29.1528,019,78.4810,1.4810,20.5190,A
B1_累积能量,31.8955,019,78.4810,1.4810,20.5190,A
B1_累积能量,34.8961,019,78.4810,1.4810,20.5190,A
B1_累积能量,38.1791,019,78.4810,1.4810,20.5190,A
B1_累积能量,41.7709,019,78.4810,1.4810,20.5190,A
B1_累积能量,45.7006,019,78.4810,1.4810,20.5190,A
B1_累积能量,50.0000,019,79.7468,2.7468,19.2532,A
B2_块能量EWMA,1.5000,019,0.0000,-77.0000,99.0000,E
B2_块能量EWMA,1.7005,019,0.0000,-77.0000,99.0000,E
B2_块能量EWMA,1.9278,019,0.0000,-77.0000,99.0000,E
B2_块能量EWMA,2.1855,019,0.0000,-77.0000,99.0000,E
B2_块能量EWMA,2.4776,019,0.0000,-77.0000,99.0000,E
B2_块能量EWMA,2.8088,019,0.0000,-77.0000,99.0000,E
B2_块能量EWMA,3.1842,019,0.0000,-77.0000,99.0000,E
B2_块能量EWMA,3.6099,019,0.0000,-77.0000,99.0000,E
B2_块能量EWMA,4.0924,019,0.0000,-77.0000,99.0000,E
B2_块能量EWMA,4.6394,019,0.0000,-77.0000,99.0000,E
B2_块能量EWMA,5.2595,019,0.0000,-77.0000,99.0000,E
B2_块能量EWMA,5.9626,019,0.0000,-77.0000,99.0000,E
B2_块能量EWMA,6.7596,019,0.0000,-77.0000,99.0000,E
B2_块能量EWMA,7.6631,019,0.0000,-77.0000,99.0000,E
B2_块能量EWMA,8.6874,019,0.0000,-77.0000,99.0000,E
B2_块能量EWMA,9.8486,019,0.0000,-77.0000,99.0000,E
B2_块能量EWMA,11.1651,019,0.0000,-77.0000,99.0000,E
B2_块能量EWMA,12.6575,019,0.0000,-77.0000,99.0000,E
B2_块能量EWMA,14.3493,019,0.0000,-77.0000,99.0000,E
B2_块能量EWMA,16.2674,019,0.0000,-77.0000,99.0000,E
B2_块能量EWMA,18.4418,019,0.0000,-77.0000,99.0000,E
B2_块能量EWMA,20.9069,019,0.0000,-77.0000,99.0000,E
B2_块能量EWMA,23.7014,019,0.0000,-77.0000,99.0000,E
B2_块能量EWMA,26.8695,019,0.0000,-77.0000,99.0000,E
B2_块能量EWMA,30.4611,019,0.0000,-77.0000,99.0000,E
B2_块能量EWMA,34.5328,019,0.0000,-77.0000,99.0000,E
B2_块能量EWMA,39.1487,019,77.2152,0.2152,21.7848,A
B2_块能量EWMA,44.3816,019,77.2152,0.2152,21.7848,A
B2_块能量EWMA,50.3139,019,77.2152,0.2152,21.7848,A
B2_块能量EWMA,57.0393,019,77.2152,0.2152,21.7848,A
B2_块能量EWMA,64.6635,019,77.2152,0.2152,21.7848,A
B2_块能量EWMA,73.3069,019,77.2152,0.2152,21.7848,A
B2_块能量EWMA,83.1057,019,77.2152,0.2152,21.7848,A
B2_块能量EWMA,94.2142,019,77.2152,0.2152,21.7848,A
B2_块能量EWMA,106.8075,019,77.2152,0.2152,21.7848,A
B2_块能量EWMA,121.0842,019,77.2152,0.2152,21.7848,A
B2_块能量EWMA,137.2692,019,77.2152,0.2152,21.7848,A
B2_块能量EWMA,155.6176,019,78.4810,1.4810,20.5190,A
B2_块能量EWMA,176.4186,019,78.4810,1.4810,20.5190,A
B2_块能量EWMA,200.0000,019,78.4810,1.4810,20.5190,A
B3_累积事件数,1.5000,019,62.0253,-14.9747,36.9747,A
B3_累积事件数,1.6411,019,68.3544,-8.6456,30.6456,A
B3_累积事件数,1.7955,019,74.6835,-2.3165,24.3165,A
B3_累积事件数,1.9644,019,81.0127,4.0127,17.9873,A
B3_累积事件数,2.1492,019,88.6076,11.6076,10.3924,A
B3_累积事件数,2.3514,019,97.4684,20.4684,1.5316,D
B3_累积事件数,2.5726,019,,,,C
B3_累积事件数,2.8147,019,,,,C
B3_累积事件数,3.0795,019,,,,C
B3_累积事件数,3.3692,019,,,,C
B3_累积事件数,3.6861,019,,,,C
B3_累积事件数,4.0329,019,,,,C
B3_累积事件数,4.4123,019,,,,C
B3_累积事件数,4.8274,019,,,,C
B3_累积事件数,5.2816,019,,,,C
B3_累积事件数,5.7785,019,,,,C
B3_累积事件数,6.3221,019,,,,C
B3_累积事件数,6.9169,019,,,,C
B3_累积事件数,7.5676,019,,,,C
B3_累积事件数,8.2795,019,,,,C
B3_累积事件数,9.0585,019,,,,C
B3_累积事件数,9.9107,019,,,,C
B3_累积事件数,10.8430,019,,,,C
B3_累积事件数,11.8631,019,,,,C
B3_累积事件数,12.9792,019,,,,C
B3_累积事件数,14.2002,019,,,,C
B3_累积事件数,15.5362,019,,,,C
B3_累积事件数,16.9978,019,,,,C
B3_累积事件数,18.5969,019,,,,C
B3_累积事件数,20.3464,019,,,,C
B3_累积事件数,22.2606,019,,,,C
B3_累积事件数,24.3548,019,,,,C
B3_累积事件数,26.6460,019,,,,C
B3_累积事件数,29.1528,019,,,,C
B3_累积事件数,31.8955,019,,,,C
B3_累积事件数,34.8961,019,,,,C
B3_累积事件数,38.1791,019,,,,C
B3_累积事件数,41.7709,019,,,,C
B3_累积事件数,45.7006,019,,,,C
B3_累积事件数,50.0000,019,,,,C
ours_off_blk,0.2000,019,74.6835,-2.3165,24.3165,A
ours_off_blk,0.2100,019,75.9494,-1.0506,23.0506,A
ours_off_blk,0.2200,019,75.9494,-1.0506,23.0506,A
ours_off_blk,0.2300,019,75.9494,-1.0506,23.0506,A
ours_off_blk,0.2400,019,75.9494,-1.0506,23.0506,A
ours_off_blk,0.2500,019,75.9494,-1.0506,23.0506,A
ours_off_blk,0.2600,019,77.2152,0.2152,21.7848,A
ours_off_blk,0.2700,019,77.2152,0.2152,21.7848,A
ours_off_blk,0.2800,019,77.2152,0.2152,21.7848,A
ours_off_blk,0.2900,019,77.2152,0.2152,21.7848,A
ours_off_blk,0.3000,019,77.2152,0.2152,21.7848,A
ours_off_blk,0.3100,019,77.2152,0.2152,21.7848,A
ours_off_blk,0.3200,019,77.2152,0.2152,21.7848,A
ours_off_blk,0.3300,019,77.2152,0.2152,21.7848,A
ours_off_blk,0.3400,019,77.2152,0.2152,21.7848,A
ours_off_blk,0.3500,019,77.2152,0.2152,21.7848,A
ours_off_blk,0.3600,019,77.2152,0.2152,21.7848,A
ours_off_blk,0.3700,019,77.2152,0.2152,21.7848,A
ours_off_blk,0.3800,019,77.2152,0.2152,21.7848,A
ours_off_blk,0.3900,019,77.2152,0.2152,21.7848,A
ours_off_blk,0.4000,019,77.2152,0.2152,21.7848,A
ours_off_blk,0.4100,019,77.2152,0.2152,21.7848,A
ours_off_blk,0.4200,019,77.2152,0.2152,21.7848,A
ours_off_blk,0.4300,019,77.2152,0.2152,21.7848,A
ours_off_blk,0.4400,019,77.2152,0.2152,21.7848,A
ours_off_blk,0.4500,019,77.2152,0.2152,21.7848,A
ours_off_blk,0.4600,019,77.2152,0.2152,21.7848,A
ours_off_blk,0.4700,019,77.2152,0.2152,21.7848,A
ours_off_blk,0.4800,019,77.2152,0.2152,21.7848,A
ours_off_blk,0.4900,019,77.2152,0.2152,21.7848,A
ours_off_blk,0.5000,019,77.2152,0.2152,21.7848,A
ours_off_blk,0.5100,019,77.2152,0.2152,21.7848,A
ours_off_blk,0.5200,019,77.2152,0.2152,21.7848,A
ours_off_blk,0.5300,019,77.2152,0.2152,21.7848,A
ours_off_blk,0.5400,019,77.2152,0.2152,21.7848,A
ours_off_blk,0.5500,019,77.2152,0.2152,21.7848,A
ours_off_blk,0.5600,019,77.2152,0.2152,21.7848,A
ours_off_blk,0.5700,019,77.2152,0.2152,21.7848,A
ours_off_blk,0.5800,019,77.2152,0.2152,21.7848,A
ours_off_blk,0.5900,019,78.4810,1.4810,20.5190,A
ours_off_blk,0.6000,019,78.4810,1.4810,20.5190,A
ours_off_blk,0.6100,019,78.4810,1.4810,20.5190,A
ours_off_blk,0.6200,019,78.4810,1.4810,20.5190,A
ours_off_blk,0.6300,019,78.4810,1.4810,20.5190,A
ours_off_blk,0.6400,019,78.4810,1.4810,20.5190,A
ours_off_blk,0.6500,019,78.4810,1.4810,20.5190,A
ours_off_blk,0.6600,019,78.4810,1.4810,20.5190,A
ours_off_blk,0.6700,019,78.4810,1.4810,20.5190,A
ours_off_blk,0.6800,019,78.4810,1.4810,20.5190,A
ours_off_blk,0.6900,019,78.4810,1.4810,20.5190,A
ours_off_blk,0.7000,019,78.4810,1.4810,20.5190,A
ours_off_blk,0.7100,019,78.4810,1.4810,20.5190,A
ours_off_blk,0.7200,019,78.4810,1.4810,20.5190,A
ours_off_blk,0.7300,019,78.4810,1.4810,20.5190,A
ours_off_blk,0.7400,019,78.4810,1.4810,20.5190,A
ours_off_blk,0.7500,019,78.4810,1.4810,20.5190,A
ours_off_blk,0.7600,019,78.4810,1.4810,20.5190,A
ours_off_blk,0.7700,019,78.4810,1.4810,20.5190,A
ours_off_blk,0.7800,019,78.4810,1.4810,20.5190,A
ours_off_blk,0.7900,019,78.4810,1.4810,20.5190,A
ours_off_blk,0.8000,019,78.4810,1.4810,20.5190,A
ours_off_blk,0.8100,019,78.4810,1.4810,20.5190,A
ours_off_blk,0.8200,019,79.7468,2.7468,19.2532,A
ours_off_blk,0.8300,019,79.7468,2.7468,19.2532,A
ours_off_blk,0.8400,019,79.7468,2.7468,19.2532,A
ours_off_blk,0.8500,019,79.7468,2.7468,19.2532,A
ours_off_blk,0.8600,019,79.7468,2.7468,19.2532,A
ours_off_blk,0.8700,019,79.7468,2.7468,19.2532,A
ours_off_blk,0.8800,019,79.7468,2.7468,19.2532,A
ours_off_blk,0.8900,019,79.7468,2.7468,19.2532,A
ours_off_blk,0.9000,019,79.7468,2.7468,19.2532,A
ours_off_blk,0.9100,019,79.7468,2.7468,19.2532,A
ours_off_blk,0.9200,019,79.7468,2.7468,19.2532,A
ours_off_blk,0.9300,019,81.0127,4.0127,17.9873,A
ours_off_blk,0.9400,019,81.0127,4.0127,17.9873,A
ours_off_blk,0.9500,019,81.0127,4.0127,17.9873,A
ours_ae_blk,0.2000,019,74.6835,-2.3165,24.3165,A
ours_ae_blk,0.2100,019,75.9494,-1.0506,23.0506,A
ours_ae_blk,0.2200,019,75.9494,-1.0506,23.0506,A
ours_ae_blk,0.2300,019,75.9494,-1.0506,23.0506,A
ours_ae_blk,0.2400,019,75.9494,-1.0506,23.0506,A
ours_ae_blk,0.2500,019,75.9494,-1.0506,23.0506,A
ours_ae_blk,0.2600,019,77.2152,0.2152,21.7848,A
ours_ae_blk,0.2700,019,77.2152,0.2152,21.7848,A
ours_ae_blk,0.2800,019,77.2152,0.2152,21.7848,A
ours_ae_blk,0.2900,019,77.2152,0.2152,21.7848,A
ours_ae_blk,0.3000,019,77.2152,0.2152,21.7848,A
ours_ae_blk,0.3100,019,77.2152,0.2152,21.7848,A
ours_ae_blk,0.3200,019,77.2152,0.2152,21.7848,A
ours_ae_blk,0.3300,019,77.2152,0.2152,21.7848,A
ours_ae_blk,0.3400,019,77.2152,0.2152,21.7848,A
ours_ae_blk,0.3500,019,77.2152,0.2152,21.7848,A
ours_ae_blk,0.3600,019,77.2152,0.2152,21.7848,A
ours_ae_blk,0.3700,019,77.2152,0.2152,21.7848,A
ours_ae_blk,0.3800,019,77.2152,0.2152,21.7848,A
ours_ae_blk,0.3900,019,77.2152,0.2152,21.7848,A
ours_ae_blk,0.4000,019,77.2152,0.2152,21.7848,A
ours_ae_blk,0.4100,019,77.2152,0.2152,21.7848,A
ours_ae_blk,0.4200,019,77.2152,0.2152,21.7848,A
ours_ae_blk,0.4300,019,77.2152,0.2152,21.7848,A
ours_ae_blk,0.4400,019,77.2152,0.2152,21.7848,A
ours_ae_blk,0.4500,019,77.2152,0.2152,21.7848,A
ours_ae_blk,0.4600,019,77.2152,0.2152,21.7848,A
ours_ae_blk,0.4700,019,77.2152,0.2152,21.7848,A
ours_ae_blk,0.4800,019,77.2152,0.2152,21.7848,A
ours_ae_blk,0.4900,019,77.2152,0.2152,21.7848,A
ours_ae_blk,0.5000,019,77.2152,0.2152,21.7848,A
ours_ae_blk,0.5100,019,77.2152,0.2152,21.7848,A
ours_ae_blk,0.5200,019,77.2152,0.2152,21.7848,A
ours_ae_blk,0.5300,019,77.2152,0.2152,21.7848,A
ours_ae_blk,0.5400,019,77.2152,0.2152,21.7848,A
ours_ae_blk,0.5500,019,77.2152,0.2152,21.7848,A
ours_ae_blk,0.5600,019,77.2152,0.2152,21.7848,A
ours_ae_blk,0.5700,019,77.2152,0.2152,21.7848,A
ours_ae_blk,0.5800,019,77.2152,0.2152,21.7848,A
ours_ae_blk,0.5900,019,78.4810,1.4810,20.5190,A
ours_ae_blk,0.6000,019,78.4810,1.4810,20.5190,A
ours_ae_blk,0.6100,019,78.4810,1.4810,20.5190,A
ours_ae_blk,0.6200,019,78.4810,1.4810,20.5190,A
ours_ae_blk,0.6300,019,78.4810,1.4810,20.5190,A
ours_ae_blk,0.6400,019,78.4810,1.4810,20.5190,A
ours_ae_blk,0.6500,019,78.4810,1.4810,20.5190,A
ours_ae_blk,0.6600,019,78.4810,1.4810,20.5190,A
ours_ae_blk,0.6700,019,78.4810,1.4810,20.5190,A
ours_ae_blk,0.6800,019,78.4810,1.4810,20.5190,A
ours_ae_blk,0.6900,019,78.4810,1.4810,20.5190,A
ours_ae_blk,0.7000,019,78.4810,1.4810,20.5190,A
ours_ae_blk,0.7100,019,78.4810,1.4810,20.5190,A
ours_ae_blk,0.7200,019,78.4810,1.4810,20.5190,A
ours_ae_blk,0.7300,019,78.4810,1.4810,20.5190,A
ours_ae_blk,0.7400,019,78.4810,1.4810,20.5190,A
ours_ae_blk,0.7500,019,78.4810,1.4810,20.5190,A
ours_ae_blk,0.7600,019,78.4810,1.4810,20.5190,A
ours_ae_blk,0.7700,019,78.4810,1.4810,20.5190,A
ours_ae_blk,0.7800,019,78.4810,1.4810,20.5190,A
ours_ae_blk,0.7900,019,78.4810,1.4810,20.5190,A
ours_ae_blk,0.8000,019,78.4810,1.4810,20.5190,A
ours_ae_blk,0.8100,019,78.4810,1.4810,20.5190,A
ours_ae_blk,0.8200,019,79.7468,2.7468,19.2532,A
ours_ae_blk,0.8300,019,79.7468,2.7468,19.2532,A
ours_ae_blk,0.8400,019,79.7468,2.7468,19.2532,A
ours_ae_blk,0.8500,019,79.7468,2.7468,19.2532,A
ours_ae_blk,0.8600,019,79.7468,2.7468,19.2532,A
ours_ae_blk,0.8700,019,79.7468,2.7468,19.2532,A
ours_ae_blk,0.8800,019,79.7468,2.7468,19.2532,A
ours_ae_blk,0.8900,019,79.7468,2.7468,19.2532,A
ours_ae_blk,0.9000,019,79.7468,2.7468,19.2532,A
ours_ae_blk,0.9100,019,79.7468,2.7468,19.2532,A
ours_ae_blk,0.9200,019,79.7468,2.7468,19.2532,A
ours_ae_blk,0.9300,019,81.0127,4.0127,17.9873,A
ours_ae_blk,0.9400,019,81.0127,4.0127,17.9873,A
ours_ae_blk,0.9500,019,81.0127,4.0127,17.9873,A
ours_off_pt,,019,77.5227,0.5227,21.4773,A
ours_ae_pt,,019,77.5227,0.5227,21.4773,A
B1_累积能量,1.5000,020,70.9402,0.7402,28.0598,A
B1_累积能量,1.6411,020,70.9402,0.7402,28.0598,A
B1_累积能量,1.7955,020,70.9402,0.7402,28.0598,A
B1_累积能量,1.9644,020,70.9402,0.7402,28.0598,A
B1_累积能量,2.1492,020,70.9402,0.7402,28.0598,A
B1_累积能量,2.3514,020,70.9402,0.7402,28.0598,A
B1_累积能量,2.5726,020,70.9402,0.7402,28.0598,A
B1_累积能量,2.8147,020,70.9402,0.7402,28.0598,A
B1_累积能量,3.0795,020,70.9402,0.7402,28.0598,A
B1_累积能量,3.3692,020,70.9402,0.7402,28.0598,A
B1_累积能量,3.6861,020,70.9402,0.7402,28.0598,A
B1_累积能量,4.0329,020,70.9402,0.7402,28.0598,A
B1_累积能量,4.4123,020,70.9402,0.7402,28.0598,A
B1_累积能量,4.8274,020,70.9402,0.7402,28.0598,A
B1_累积能量,5.2816,020,70.9402,0.7402,28.0598,A
B1_累积能量,5.7785,020,70.9402,0.7402,28.0598,A
B1_累积能量,6.3221,020,70.9402,0.7402,28.0598,A
B1_累积能量,6.9169,020,70.9402,0.7402,28.0598,A
B1_累积能量,7.5676,020,70.9402,0.7402,28.0598,A
B1_累积能量,8.2795,020,70.9402,0.7402,28.0598,A
B1_累积能量,9.0585,020,70.9402,0.7402,28.0598,A
B1_累积能量,9.9107,020,70.9402,0.7402,28.0598,A
B1_累积能量,10.8430,020,70.9402,0.7402,28.0598,A
B1_累积能量,11.8631,020,70.9402,0.7402,28.0598,A
B1_累积能量,12.9792,020,70.9402,0.7402,28.0598,A
B1_累积能量,14.2002,020,70.9402,0.7402,28.0598,A
B1_累积能量,15.5362,020,70.9402,0.7402,28.0598,A
B1_累积能量,16.9978,020,70.9402,0.7402,28.0598,A
B1_累积能量,18.5969,020,70.9402,0.7402,28.0598,A
B1_累积能量,20.3464,020,70.9402,0.7402,28.0598,A
B1_累积能量,22.2606,020,70.9402,0.7402,28.0598,A
B1_累积能量,24.3548,020,70.9402,0.7402,28.0598,A
B1_累积能量,26.6460,020,70.9402,0.7402,28.0598,A
B1_累积能量,29.1528,020,70.9402,0.7402,28.0598,A
B1_累积能量,31.8955,020,70.9402,0.7402,28.0598,A
B1_累积能量,34.8961,020,70.9402,0.7402,28.0598,A
B1_累积能量,38.1791,020,70.9402,0.7402,28.0598,A
B1_累积能量,41.7709,020,70.9402,0.7402,28.0598,A
B1_累积能量,45.7006,020,70.9402,0.7402,28.0598,A
B1_累积能量,50.0000,020,70.9402,0.7402,28.0598,A
B2_块能量EWMA,1.5000,020,0.0000,-70.2000,99.0000,E
B2_块能量EWMA,1.7005,020,0.0000,-70.2000,99.0000,E
B2_块能量EWMA,1.9278,020,0.0000,-70.2000,99.0000,E
B2_块能量EWMA,2.1855,020,0.0000,-70.2000,99.0000,E
B2_块能量EWMA,2.4776,020,0.0000,-70.2000,99.0000,E
B2_块能量EWMA,2.8088,020,0.0000,-70.2000,99.0000,E
B2_块能量EWMA,3.1842,020,0.0000,-70.2000,99.0000,E
B2_块能量EWMA,3.6099,020,0.0000,-70.2000,99.0000,E
B2_块能量EWMA,4.0924,020,0.0000,-70.2000,99.0000,E
B2_块能量EWMA,4.6394,020,0.0000,-70.2000,99.0000,E
B2_块能量EWMA,5.2595,020,0.0000,-70.2000,99.0000,E
B2_块能量EWMA,5.9626,020,0.0000,-70.2000,99.0000,E
B2_块能量EWMA,6.7596,020,0.0000,-70.2000,99.0000,E
B2_块能量EWMA,7.6631,020,0.0000,-70.2000,99.0000,E
B2_块能量EWMA,8.6874,020,0.0000,-70.2000,99.0000,E
B2_块能量EWMA,9.8486,020,0.0000,-70.2000,99.0000,E
B2_块能量EWMA,11.1651,020,0.0000,-70.2000,99.0000,E
B2_块能量EWMA,12.6575,020,0.0000,-70.2000,99.0000,E
B2_块能量EWMA,14.3493,020,0.0000,-70.2000,99.0000,E
B2_块能量EWMA,16.2674,020,0.0000,-70.2000,99.0000,E
B2_块能量EWMA,18.4418,020,0.0000,-70.2000,99.0000,E
B2_块能量EWMA,20.9069,020,0.0000,-70.2000,99.0000,E
B2_块能量EWMA,23.7014,020,0.0000,-70.2000,99.0000,E
B2_块能量EWMA,26.8695,020,0.0000,-70.2000,99.0000,E
B2_块能量EWMA,30.4611,020,0.0000,-70.2000,99.0000,E
B2_块能量EWMA,34.5328,020,0.0000,-70.2000,99.0000,E
B2_块能量EWMA,39.1487,020,70.9402,0.7402,28.0598,A
B2_块能量EWMA,44.3816,020,70.9402,0.7402,28.0598,A
B2_块能量EWMA,50.3139,020,70.9402,0.7402,28.0598,A
B2_块能量EWMA,57.0393,020,70.9402,0.7402,28.0598,A
B2_块能量EWMA,64.6635,020,70.9402,0.7402,28.0598,A
B2_块能量EWMA,73.3069,020,70.9402,0.7402,28.0598,A
B2_块能量EWMA,83.1057,020,70.9402,0.7402,28.0598,A
B2_块能量EWMA,94.2142,020,70.9402,0.7402,28.0598,A
B2_块能量EWMA,106.8075,020,70.9402,0.7402,28.0598,A
B2_块能量EWMA,121.0842,020,70.9402,0.7402,28.0598,A
B2_块能量EWMA,137.2692,020,70.9402,0.7402,28.0598,A
B2_块能量EWMA,155.6176,020,70.9402,0.7402,28.0598,A
B2_块能量EWMA,176.4186,020,70.9402,0.7402,28.0598,A
B2_块能量EWMA,200.0000,020,70.9402,0.7402,28.0598,A
B3_累积事件数,1.5000,020,41.8803,-28.3197,57.1197,E
B3_累积事件数,1.6411,020,46.1538,-24.0462,52.8462,E
B3_累积事件数,1.7955,020,50.4274,-19.7726,48.5726,E
B3_累积事件数,1.9644,020,54.7009,-15.4991,44.2991,E
B3_累积事件数,2.1492,020,59.8291,-10.3709,39.1709,A
B3_累积事件数,2.3514,020,65.8120,-4.3880,33.1880,A
B3_累积事件数,2.5726,020,71.7949,1.5949,27.2051,A
B3_累积事件数,2.8147,020,78.6325,8.4325,20.3675,A
B3_累积事件数,3.0795,020,86.3248,16.1248,12.6752,D
B3_累积事件数,3.3692,020,94.8718,24.6718,4.1282,D
B3_累积事件数,3.6861,020,,,,C
B3_累积事件数,4.0329,020,,,,C
B3_累积事件数,4.4123,020,,,,C
B3_累积事件数,4.8274,020,,,,C
B3_累积事件数,5.2816,020,,,,C
B3_累积事件数,5.7785,020,,,,C
B3_累积事件数,6.3221,020,,,,C
B3_累积事件数,6.9169,020,,,,C
B3_累积事件数,7.5676,020,,,,C
B3_累积事件数,8.2795,020,,,,C
B3_累积事件数,9.0585,020,,,,C
B3_累积事件数,9.9107,020,,,,C
B3_累积事件数,10.8430,020,,,,C
B3_累积事件数,11.8631,020,,,,C
B3_累积事件数,12.9792,020,,,,C
B3_累积事件数,14.2002,020,,,,C
B3_累积事件数,15.5362,020,,,,C
B3_累积事件数,16.9978,020,,,,C
B3_累积事件数,18.5969,020,,,,C
B3_累积事件数,20.3464,020,,,,C
B3_累积事件数,22.2606,020,,,,C
B3_累积事件数,24.3548,020,,,,C
B3_累积事件数,26.6460,020,,,,C
B3_累积事件数,29.1528,020,,,,C
B3_累积事件数,31.8955,020,,,,C
B3_累积事件数,34.8961,020,,,,C
B3_累积事件数,38.1791,020,,,,C
B3_累积事件数,41.7709,020,,,,C
B3_累积事件数,45.7006,020,,,,C
B3_累积事件数,50.0000,020,,,,C
ours_off_blk,0.2000,020,70.9402,0.7402,28.0598,A
ours_off_blk,0.2100,020,70.9402,0.7402,28.0598,A
ours_off_blk,0.2200,020,70.9402,0.7402,28.0598,A
ours_off_blk,0.2300,020,71.7949,1.5949,27.2051,A
ours_off_blk,0.2400,020,71.7949,1.5949,27.2051,A
ours_off_blk,0.2500,020,71.7949,1.5949,27.2051,A
ours_off_blk,0.2600,020,71.7949,1.5949,27.2051,A
ours_off_blk,0.2700,020,71.7949,1.5949,27.2051,A
ours_off_blk,0.2800,020,71.7949,1.5949,27.2051,A
ours_off_blk,0.2900,020,71.7949,1.5949,27.2051,A
ours_off_blk,0.3000,020,71.7949,1.5949,27.2051,A
ours_off_blk,0.3100,020,71.7949,1.5949,27.2051,A
ours_off_blk,0.3200,020,72.6496,2.4496,26.3504,A
ours_off_blk,0.3300,020,72.6496,2.4496,26.3504,A
ours_off_blk,0.3400,020,72.6496,2.4496,26.3504,A
ours_off_blk,0.3500,020,72.6496,2.4496,26.3504,A
ours_off_blk,0.3600,020,72.6496,2.4496,26.3504,A
ours_off_blk,0.3700,020,72.6496,2.4496,26.3504,A
ours_off_blk,0.3800,020,72.6496,2.4496,26.3504,A
ours_off_blk,0.3900,020,72.6496,2.4496,26.3504,A
ours_off_blk,0.4000,020,72.6496,2.4496,26.3504,A
ours_off_blk,0.4100,020,72.6496,2.4496,26.3504,A
ours_off_blk,0.4200,020,72.6496,2.4496,26.3504,A
ours_off_blk,0.4300,020,72.6496,2.4496,26.3504,A
ours_off_blk,0.4400,020,72.6496,2.4496,26.3504,A
ours_off_blk,0.4500,020,72.6496,2.4496,26.3504,A
ours_off_blk,0.4600,020,72.6496,2.4496,26.3504,A
ours_off_blk,0.4700,020,72.6496,2.4496,26.3504,A
ours_off_blk,0.4800,020,72.6496,2.4496,26.3504,A
ours_off_blk,0.4900,020,72.6496,2.4496,26.3504,A
ours_off_blk,0.5000,020,72.6496,2.4496,26.3504,A
ours_off_blk,0.5100,020,72.6496,2.4496,26.3504,A
ours_off_blk,0.5200,020,72.6496,2.4496,26.3504,A
ours_off_blk,0.5300,020,72.6496,2.4496,26.3504,A
ours_off_blk,0.5400,020,72.6496,2.4496,26.3504,A
ours_off_blk,0.5500,020,72.6496,2.4496,26.3504,A
ours_off_blk,0.5600,020,72.6496,2.4496,26.3504,A
ours_off_blk,0.5700,020,72.6496,2.4496,26.3504,A
ours_off_blk,0.5800,020,72.6496,2.4496,26.3504,A
ours_off_blk,0.5900,020,72.6496,2.4496,26.3504,A
ours_off_blk,0.6000,020,72.6496,2.4496,26.3504,A
ours_off_blk,0.6100,020,72.6496,2.4496,26.3504,A
ours_off_blk,0.6200,020,72.6496,2.4496,26.3504,A
ours_off_blk,0.6300,020,72.6496,2.4496,26.3504,A
ours_off_blk,0.6400,020,72.6496,2.4496,26.3504,A
ours_off_blk,0.6500,020,72.6496,2.4496,26.3504,A
ours_off_blk,0.6600,020,72.6496,2.4496,26.3504,A
ours_off_blk,0.6700,020,72.6496,2.4496,26.3504,A
ours_off_blk,0.6800,020,72.6496,2.4496,26.3504,A
ours_off_blk,0.6900,020,72.6496,2.4496,26.3504,A
ours_off_blk,0.7000,020,73.5043,3.3043,25.4957,A
ours_off_blk,0.7100,020,73.5043,3.3043,25.4957,A
ours_off_blk,0.7200,020,73.5043,3.3043,25.4957,A
ours_off_blk,0.7300,020,73.5043,3.3043,25.4957,A
ours_off_blk,0.7400,020,73.5043,3.3043,25.4957,A
ours_off_blk,0.7500,020,73.5043,3.3043,25.4957,A
ours_off_blk,0.7600,020,73.5043,3.3043,25.4957,A
ours_off_blk,0.7700,020,73.5043,3.3043,25.4957,A
ours_off_blk,0.7800,020,73.5043,3.3043,25.4957,A
ours_off_blk,0.7900,020,73.5043,3.3043,25.4957,A
ours_off_blk,0.8000,020,73.5043,3.3043,25.4957,A
ours_off_blk,0.8100,020,73.5043,3.3043,25.4957,A
ours_off_blk,0.8200,020,73.5043,3.3043,25.4957,A
ours_off_blk,0.8300,020,73.5043,3.3043,25.4957,A
ours_off_blk,0.8400,020,73.5043,3.3043,25.4957,A
ours_off_blk,0.8500,020,73.5043,3.3043,25.4957,A
ours_off_blk,0.8600,020,73.5043,3.3043,25.4957,A
ours_off_blk,0.8700,020,74.3590,4.1590,24.6410,A
ours_off_blk,0.8800,020,74.3590,4.1590,24.6410,A
ours_off_blk,0.8900,020,74.3590,4.1590,24.6410,A
ours_off_blk,0.9000,020,74.3590,4.1590,24.6410,A
ours_off_blk,0.9100,020,74.3590,4.1590,24.6410,A
ours_off_blk,0.9200,020,74.3590,4.1590,24.6410,A
ours_off_blk,0.9300,020,74.3590,4.1590,24.6410,A
ours_off_blk,0.9400,020,74.3590,4.1590,24.6410,A
ours_off_blk,0.9500,020,,,,C
ours_ae_blk,0.2000,020,70.9402,0.7402,28.0598,A
ours_ae_blk,0.2100,020,70.9402,0.7402,28.0598,A
ours_ae_blk,0.2200,020,70.9402,0.7402,28.0598,A
ours_ae_blk,0.2300,020,71.7949,1.5949,27.2051,A
ours_ae_blk,0.2400,020,71.7949,1.5949,27.2051,A
ours_ae_blk,0.2500,020,71.7949,1.5949,27.2051,A
ours_ae_blk,0.2600,020,71.7949,1.5949,27.2051,A
ours_ae_blk,0.2700,020,71.7949,1.5949,27.2051,A
ours_ae_blk,0.2800,020,71.7949,1.5949,27.2051,A
ours_ae_blk,0.2900,020,71.7949,1.5949,27.2051,A
ours_ae_blk,0.3000,020,71.7949,1.5949,27.2051,A
ours_ae_blk,0.3100,020,71.7949,1.5949,27.2051,A
ours_ae_blk,0.3200,020,72.6496,2.4496,26.3504,A
ours_ae_blk,0.3300,020,72.6496,2.4496,26.3504,A
ours_ae_blk,0.3400,020,72.6496,2.4496,26.3504,A
ours_ae_blk,0.3500,020,72.6496,2.4496,26.3504,A
ours_ae_blk,0.3600,020,72.6496,2.4496,26.3504,A
ours_ae_blk,0.3700,020,72.6496,2.4496,26.3504,A
ours_ae_blk,0.3800,020,72.6496,2.4496,26.3504,A
ours_ae_blk,0.3900,020,72.6496,2.4496,26.3504,A
ours_ae_blk,0.4000,020,72.6496,2.4496,26.3504,A
ours_ae_blk,0.4100,020,72.6496,2.4496,26.3504,A
ours_ae_blk,0.4200,020,72.6496,2.4496,26.3504,A
ours_ae_blk,0.4300,020,72.6496,2.4496,26.3504,A
ours_ae_blk,0.4400,020,72.6496,2.4496,26.3504,A
ours_ae_blk,0.4500,020,72.6496,2.4496,26.3504,A
ours_ae_blk,0.4600,020,72.6496,2.4496,26.3504,A
ours_ae_blk,0.4700,020,72.6496,2.4496,26.3504,A
ours_ae_blk,0.4800,020,72.6496,2.4496,26.3504,A
ours_ae_blk,0.4900,020,72.6496,2.4496,26.3504,A
ours_ae_blk,0.5000,020,72.6496,2.4496,26.3504,A
ours_ae_blk,0.5100,020,72.6496,2.4496,26.3504,A
ours_ae_blk,0.5200,020,72.6496,2.4496,26.3504,A
ours_ae_blk,0.5300,020,72.6496,2.4496,26.3504,A
ours_ae_blk,0.5400,020,72.6496,2.4496,26.3504,A
ours_ae_blk,0.5500,020,72.6496,2.4496,26.3504,A
ours_ae_blk,0.5600,020,72.6496,2.4496,26.3504,A
ours_ae_blk,0.5700,020,72.6496,2.4496,26.3504,A
ours_ae_blk,0.5800,020,72.6496,2.4496,26.3504,A
ours_ae_blk,0.5900,020,72.6496,2.4496,26.3504,A
ours_ae_blk,0.6000,020,72.6496,2.4496,26.3504,A
ours_ae_blk,0.6100,020,72.6496,2.4496,26.3504,A
ours_ae_blk,0.6200,020,72.6496,2.4496,26.3504,A
ours_ae_blk,0.6300,020,72.6496,2.4496,26.3504,A
ours_ae_blk,0.6400,020,72.6496,2.4496,26.3504,A
ours_ae_blk,0.6500,020,72.6496,2.4496,26.3504,A
ours_ae_blk,0.6600,020,72.6496,2.4496,26.3504,A
ours_ae_blk,0.6700,020,72.6496,2.4496,26.3504,A
ours_ae_blk,0.6800,020,72.6496,2.4496,26.3504,A
ours_ae_blk,0.6900,020,72.6496,2.4496,26.3504,A
ours_ae_blk,0.7000,020,73.5043,3.3043,25.4957,A
ours_ae_blk,0.7100,020,73.5043,3.3043,25.4957,A
ours_ae_blk,0.7200,020,73.5043,3.3043,25.4957,A
ours_ae_blk,0.7300,020,73.5043,3.3043,25.4957,A
ours_ae_blk,0.7400,020,73.5043,3.3043,25.4957,A
ours_ae_blk,0.7500,020,73.5043,3.3043,25.4957,A
ours_ae_blk,0.7600,020,73.5043,3.3043,25.4957,A
ours_ae_blk,0.7700,020,73.5043,3.3043,25.4957,A
ours_ae_blk,0.7800,020,73.5043,3.3043,25.4957,A
ours_ae_blk,0.7900,020,73.5043,3.3043,25.4957,A
ours_ae_blk,0.8000,020,73.5043,3.3043,25.4957,A
ours_ae_blk,0.8100,020,73.5043,3.3043,25.4957,A
ours_ae_blk,0.8200,020,73.5043,3.3043,25.4957,A
ours_ae_blk,0.8300,020,73.5043,3.3043,25.4957,A
ours_ae_blk,0.8400,020,73.5043,3.3043,25.4957,A
ours_ae_blk,0.8500,020,73.5043,3.3043,25.4957,A
ours_ae_blk,0.8600,020,73.5043,3.3043,25.4957,A
ours_ae_blk,0.8700,020,74.3590,4.1590,24.6410,A
ours_ae_blk,0.8800,020,74.3590,4.1590,24.6410,A
ours_ae_blk,0.8900,020,74.3590,4.1590,24.6410,A
ours_ae_blk,0.9000,020,74.3590,4.1590,24.6410,A
ours_ae_blk,0.9100,020,74.3590,4.1590,24.6410,A
ours_ae_blk,0.9200,020,74.3590,4.1590,24.6410,A
ours_ae_blk,0.9300,020,74.3590,4.1590,24.6410,A
ours_ae_blk,0.9400,020,74.3590,4.1590,24.6410,A
ours_ae_blk,0.9500,020,,,,C
ours_off_pt,,020,72.1631,1.9631,26.8369,A
ours_ae_pt,,020,72.1631,1.9631,26.8369,A
B1_累积能量,1.5000,021,10.4790,,,-
B1_累积能量,1.6411,021,10.4790,,,-
B1_累积能量,1.7955,021,10.4790,,,-
B1_累积能量,1.9644,021,10.4790,,,-
B1_累积能量,2.1492,021,10.4790,,,-
B1_累积能量,2.3514,021,10.4790,,,-
B1_累积能量,2.5726,021,10.4790,,,-
B1_累积能量,2.8147,021,10.4790,,,-
B1_累积能量,3.0795,021,10.4790,,,-
B1_累积能量,3.3692,021,10.4790,,,-
B1_累积能量,3.6861,021,10.4790,,,-
B1_累积能量,4.0329,021,10.7784,,,-
B1_累积能量,4.4123,021,10.7784,,,-
B1_累积能量,4.8274,021,10.7784,,,-
B1_累积能量,5.2816,021,10.7784,,,-
B1_累积能量,5.7785,021,10.7784,,,-
B1_累积能量,6.3221,021,10.7784,,,-
B1_累积能量,6.9169,021,10.7784,,,-
B1_累积能量,7.5676,021,10.7784,,,-
B1_累积能量,8.2795,021,10.7784,,,-
B1_累积能量,9.0585,021,10.7784,,,-
B1_累积能量,9.9107,021,10.7784,,,-
B1_累积能量,10.8430,021,10.7784,,,-
B1_累积能量,11.8631,021,10.7784,,,-
B1_累积能量,12.9792,021,10.7784,,,-
B1_累积能量,14.2002,021,10.7784,,,-
B1_累积能量,15.5362,021,10.7784,,,-
B1_累积能量,16.9978,021,10.7784,,,-
B1_累积能量,18.5969,021,10.7784,,,-
B1_累积能量,20.3464,021,10.7784,,,-
B1_累积能量,22.2606,021,10.7784,,,-
B1_累积能量,24.3548,021,10.7784,,,-
B1_累积能量,26.6460,021,11.0778,,,-
B1_累积能量,29.1528,021,31.7365,,,-
B1_累积能量,31.8955,021,31.7365,,,-
B1_累积能量,34.8961,021,31.7365,,,-
B1_累积能量,38.1791,021,31.7365,,,-
B1_累积能量,41.7709,021,31.7365,,,-
B1_累积能量,45.7006,021,31.7365,,,-
B1_累积能量,50.0000,021,32.0359,,,-
B2_块能量EWMA,1.5000,021,0.2994,,,-
B2_块能量EWMA,1.7005,021,0.5988,,,-
B2_块能量EWMA,1.9278,021,0.5988,,,-
B2_块能量EWMA,2.1855,021,1.1976,,,-
B2_块能量EWMA,2.4776,021,1.1976,,,-
B2_块能量EWMA,2.8088,021,1.7964,,,-
B2_块能量EWMA,3.1842,021,1.7964,,,-
B2_块能量EWMA,3.6099,021,1.7964,,,-
B2_块能量EWMA,4.0924,021,1.7964,,,-
B2_块能量EWMA,4.6394,021,1.7964,,,-
B2_块能量EWMA,5.2595,021,1.7964,,,-
B2_块能量EWMA,5.9626,021,2.0958,,,-
B2_块能量EWMA,6.7596,021,2.0958,,,-
B2_块能量EWMA,7.6631,021,2.0958,,,-
B2_块能量EWMA,8.6874,021,3.5928,,,-
B2_块能量EWMA,9.8486,021,3.5928,,,-
B2_块能量EWMA,11.1651,021,3.5928,,,-
B2_块能量EWMA,12.6575,021,3.5928,,,-
B2_块能量EWMA,14.3493,021,3.8922,,,-
B2_块能量EWMA,16.2674,021,3.8922,,,-
B2_块能量EWMA,18.4418,021,3.8922,,,-
B2_块能量EWMA,20.9069,021,3.8922,,,-
B2_块能量EWMA,23.7014,021,3.8922,,,-
B2_块能量EWMA,26.8695,021,4.1916,,,-
B2_块能量EWMA,30.4611,021,4.1916,,,-
B2_块能量EWMA,34.5328,021,4.1916,,,-
B2_块能量EWMA,39.1487,021,4.1916,,,-
B2_块能量EWMA,44.3816,021,4.1916,,,-
B2_块能量EWMA,50.3139,021,4.1916,,,-
B2_块能量EWMA,57.0393,021,4.1916,,,-
B2_块能量EWMA,64.6635,021,4.1916,,,-
B2_块能量EWMA,73.3069,021,4.1916,,,-
B2_块能量EWMA,83.1057,021,4.1916,,,-
B2_块能量EWMA,94.2142,021,4.1916,,,-
B2_块能量EWMA,106.8075,021,4.4910,,,-
B2_块能量EWMA,121.0842,021,4.4910,,,-
B2_块能量EWMA,137.2692,021,4.4910,,,-
B2_块能量EWMA,155.6176,021,4.4910,,,-
B2_块能量EWMA,176.4186,021,4.4910,,,-
B2_块能量EWMA,200.0000,021,4.4910,,,-
B3_累积事件数,1.5000,021,14.6707,,,-
B3_累积事件数,1.6411,021,16.1677,,,-
B3_累积事件数,1.7955,021,17.6647,,,-
B3_累积事件数,1.9644,021,19.1617,,,-
B3_累积事件数,2.1492,021,20.9581,,,-
B3_累积事件数,2.3514,021,23.0539,,,-
B3_累积事件数,2.5726,021,25.1497,,,-
B3_累积事件数,2.8147,021,27.5449,,,-
B3_累积事件数,3.0795,021,30.2395,,,-
B3_累积事件数,3.3692,021,33.2335,,,-
B3_累积事件数,3.6861,021,36.2275,,,-
B3_累积事件数,4.0329,021,39.8204,,,-
B3_累积事件数,4.4123,021,43.4132,,,-
B3_累积事件数,4.8274,021,47.6048,,,-
B3_累积事件数,5.2816,021,52.0958,,,-
B3_累积事件数,5.7785,021,56.8862,,,-
B3_累积事件数,6.3221,021,62.2754,,,-
B3_累积事件数,6.9169,021,68.2635,,,-
B3_累积事件数,7.5676,021,74.5509,,,-
B3_累积事件数,8.2795,021,81.7365,,,-
B3_累积事件数,9.0585,021,89.2216,,,-
B3_累积事件数,9.9107,021,97.9042,,,-
B3_累积事件数,10.8430,021,,,,C
B3_累积事件数,11.8631,021,,,,C
B3_累积事件数,12.9792,021,,,,C
B3_累积事件数,14.2002,021,,,,C
B3_累积事件数,15.5362,021,,,,C
B3_累积事件数,16.9978,021,,,,C
B3_累积事件数,18.5969,021,,,,C
B3_累积事件数,20.3464,021,,,,C
B3_累积事件数,22.2606,021,,,,C
B3_累积事件数,24.3548,021,,,,C
B3_累积事件数,26.6460,021,,,,C
B3_累积事件数,29.1528,021,,,,C
B3_累积事件数,31.8955,021,,,,C
B3_累积事件数,34.8961,021,,,,C
B3_累积事件数,38.1791,021,,,,C
B3_累积事件数,41.7709,021,,,,C
B3_累积事件数,45.7006,021,,,,C
B3_累积事件数,50.0000,021,,,,C
ours_off_blk,0.2000,021,4.4910,,,-
ours_off_blk,0.2100,021,4.4910,,,-
ours_off_blk,0.2200,021,4.4910,,,-
ours_off_blk,0.2300,021,4.4910,,,-
ours_off_blk,0.2400,021,4.4910,,,-
ours_off_blk,0.2500,021,4.4910,,,-
ours_off_blk,0.2600,021,4.7904,,,-
ours_off_blk,0.2700,021,4.7904,,,-
ours_off_blk,0.2800,021,4.7904,,,-
ours_off_blk,0.2900,021,4.7904,,,-
ours_off_blk,0.3000,021,4.7904,,,-
ours_off_blk,0.3100,021,4.7904,,,-
ours_off_blk,0.3200,021,4.7904,,,-
ours_off_blk,0.3300,021,4.7904,,,-
ours_off_blk,0.3400,021,4.7904,,,-
ours_off_blk,0.3500,021,5.0898,,,-
ours_off_blk,0.3600,021,5.0898,,,-
ours_off_blk,0.3700,021,5.0898,,,-
ours_off_blk,0.3800,021,5.0898,,,-
ours_off_blk,0.3900,021,5.0898,,,-
ours_off_blk,0.4000,021,5.0898,,,-
ours_off_blk,0.4100,021,5.0898,,,-
ours_off_blk,0.4200,021,5.0898,,,-
ours_off_blk,0.4300,021,5.0898,,,-
ours_off_blk,0.4400,021,5.0898,,,-
ours_off_blk,0.4500,021,5.0898,,,-
ours_off_blk,0.4600,021,5.0898,,,-
ours_off_blk,0.4700,021,5.0898,,,-
ours_off_blk,0.4800,021,5.0898,,,-
ours_off_blk,0.4900,021,5.0898,,,-
ours_off_blk,0.5000,021,5.0898,,,-
ours_off_blk,0.5100,021,5.0898,,,-
ours_off_blk,0.5200,021,5.0898,,,-
ours_off_blk,0.5300,021,5.0898,,,-
ours_off_blk,0.5400,021,5.0898,,,-
ours_off_blk,0.5500,021,5.0898,,,-
ours_off_blk,0.5600,021,5.0898,,,-
ours_off_blk,0.5700,021,5.0898,,,-
ours_off_blk,0.5800,021,5.0898,,,-
ours_off_blk,0.5900,021,5.0898,,,-
ours_off_blk,0.6000,021,5.0898,,,-
ours_off_blk,0.6100,021,5.0898,,,-
ours_off_blk,0.6200,021,5.0898,,,-
ours_off_blk,0.6300,021,5.0898,,,-
ours_off_blk,0.6400,021,5.0898,,,-
ours_off_blk,0.6500,021,5.0898,,,-
ours_off_blk,0.6600,021,5.0898,,,-
ours_off_blk,0.6700,021,5.0898,,,-
ours_off_blk,0.6800,021,5.0898,,,-
ours_off_blk,0.6900,021,5.0898,,,-
ours_off_blk,0.7000,021,5.0898,,,-
ours_off_blk,0.7100,021,5.3892,,,-
ours_off_blk,0.7200,021,5.3892,,,-
ours_off_blk,0.7300,021,5.3892,,,-
ours_off_blk,0.7400,021,5.3892,,,-
ours_off_blk,0.7500,021,5.3892,,,-
ours_off_blk,0.7600,021,5.3892,,,-
ours_off_blk,0.7700,021,5.3892,,,-
ours_off_blk,0.7800,021,5.3892,,,-
ours_off_blk,0.7900,021,5.3892,,,-
ours_off_blk,0.8000,021,5.3892,,,-
ours_off_blk,0.8100,021,5.3892,,,-
ours_off_blk,0.8200,021,5.3892,,,-
ours_off_blk,0.8300,021,5.3892,,,-
ours_off_blk,0.8400,021,5.3892,,,-
ours_off_blk,0.8500,021,5.3892,,,-
ours_off_blk,0.8600,021,5.3892,,,-
ours_off_blk,0.8700,021,5.3892,,,-
ours_off_blk,0.8800,021,5.6886,,,-
ours_off_blk,0.8900,021,5.6886,,,-
ours_off_blk,0.9000,021,5.6886,,,-
ours_off_blk,0.9100,021,5.6886,,,-
ours_off_blk,0.9200,021,5.6886,,,-
ours_off_blk,0.9300,021,5.6886,,,-
ours_off_blk,0.9400,021,5.6886,,,-
ours_off_blk,0.9500,021,10.7784,,,-
ours_ae_blk,0.2000,021,4.4910,,,-
ours_ae_blk,0.2100,021,4.4910,,,-
ours_ae_blk,0.2200,021,4.4910,,,-
ours_ae_blk,0.2300,021,4.4910,,,-
ours_ae_blk,0.2400,021,4.4910,,,-
ours_ae_blk,0.2500,021,4.4910,,,-
ours_ae_blk,0.2600,021,4.7904,,,-
ours_ae_blk,0.2700,021,4.7904,,,-
ours_ae_blk,0.2800,021,4.7904,,,-
ours_ae_blk,0.2900,021,4.7904,,,-
ours_ae_blk,0.3000,021,4.7904,,,-
ours_ae_blk,0.3100,021,4.7904,,,-
ours_ae_blk,0.3200,021,4.7904,,,-
ours_ae_blk,0.3300,021,4.7904,,,-
ours_ae_blk,0.3400,021,4.7904,,,-
ours_ae_blk,0.3500,021,5.0898,,,-
ours_ae_blk,0.3600,021,5.0898,,,-
ours_ae_blk,0.3700,021,5.0898,,,-
ours_ae_blk,0.3800,021,5.0898,,,-
ours_ae_blk,0.3900,021,5.0898,,,-
ours_ae_blk,0.4000,021,5.0898,,,-
ours_ae_blk,0.4100,021,5.0898,,,-
ours_ae_blk,0.4200,021,5.0898,,,-
ours_ae_blk,0.4300,021,5.0898,,,-
ours_ae_blk,0.4400,021,5.0898,,,-
ours_ae_blk,0.4500,021,5.0898,,,-
ours_ae_blk,0.4600,021,5.0898,,,-
ours_ae_blk,0.4700,021,5.0898,,,-
ours_ae_blk,0.4800,021,5.0898,,,-
ours_ae_blk,0.4900,021,5.0898,,,-
ours_ae_blk,0.5000,021,5.0898,,,-
ours_ae_blk,0.5100,021,5.0898,,,-
ours_ae_blk,0.5200,021,5.0898,,,-
ours_ae_blk,0.5300,021,5.0898,,,-
ours_ae_blk,0.5400,021,5.0898,,,-
ours_ae_blk,0.5500,021,5.0898,,,-
ours_ae_blk,0.5600,021,5.0898,,,-
ours_ae_blk,0.5700,021,5.0898,,,-
ours_ae_blk,0.5800,021,5.0898,,,-
ours_ae_blk,0.5900,021,5.0898,,,-
ours_ae_blk,0.6000,021,5.0898,,,-
ours_ae_blk,0.6100,021,5.0898,,,-
ours_ae_blk,0.6200,021,5.0898,,,-
ours_ae_blk,0.6300,021,5.0898,,,-
ours_ae_blk,0.6400,021,5.0898,,,-
ours_ae_blk,0.6500,021,5.0898,,,-
ours_ae_blk,0.6600,021,5.0898,,,-
ours_ae_blk,0.6700,021,5.0898,,,-
ours_ae_blk,0.6800,021,5.0898,,,-
ours_ae_blk,0.6900,021,5.0898,,,-
ours_ae_blk,0.7000,021,5.0898,,,-
ours_ae_blk,0.7100,021,5.3892,,,-
ours_ae_blk,0.7200,021,5.3892,,,-
ours_ae_blk,0.7300,021,5.3892,,,-
ours_ae_blk,0.7400,021,5.3892,,,-
ours_ae_blk,0.7500,021,5.3892,,,-
ours_ae_blk,0.7600,021,5.3892,,,-
ours_ae_blk,0.7700,021,5.3892,,,-
ours_ae_blk,0.7800,021,5.3892,,,-
ours_ae_blk,0.7900,021,5.3892,,,-
ours_ae_blk,0.8000,021,5.3892,,,-
ours_ae_blk,0.8100,021,5.3892,,,-
ours_ae_blk,0.8200,021,5.3892,,,-
ours_ae_blk,0.8300,021,5.3892,,,-
ours_ae_blk,0.8400,021,5.3892,,,-
ours_ae_blk,0.8500,021,5.3892,,,-
ours_ae_blk,0.8600,021,5.3892,,,-
ours_ae_blk,0.8700,021,5.3892,,,-
ours_ae_blk,0.8800,021,5.6886,,,-
ours_ae_blk,0.8900,021,5.6886,,,-
ours_ae_blk,0.9000,021,5.6886,,,-
ours_ae_blk,0.9100,021,5.6886,,,-
ours_ae_blk,0.9200,021,5.6886,,,-
ours_ae_blk,0.9300,021,5.6886,,,-
ours_ae_blk,0.9400,021,5.6886,,,-
ours_ae_blk,0.9500,021,10.7784,,,-
ours_off_pt,,021,5.0879,,,-
ours_ae_pt,,021,5.0879,,,-
B1_累积能量,1.5000,022,47.2727,,,-
B1_累积能量,1.6411,022,51.8182,,,-
B1_累积能量,1.7955,022,57.2727,,,-
B1_累积能量,1.9644,022,61.8182,,,-
B1_累积能量,2.1492,022,66.3636,,,-
B1_累积能量,2.3514,022,70.9091,,,-
B1_累积能量,2.5726,022,77.2727,,,-
B1_累积能量,2.8147,022,82.7273,,,-
B1_累积能量,3.0795,022,88.1818,,,-
B1_累积能量,3.3692,022,92.7273,,,-
B1_累积能量,3.6861,022,93.6364,,,-
B1_累积能量,4.0329,022,94.5455,,,-
B1_累积能量,4.4123,022,94.5455,,,-
B1_累积能量,4.8274,022,94.5455,,,-
B1_累积能量,5.2816,022,94.5455,,,-
B1_累积能量,5.7785,022,94.5455,,,-
B1_累积能量,6.3221,022,94.5455,,,-
B1_累积能量,6.9169,022,94.5455,,,-
B1_累积能量,7.5676,022,94.5455,,,-
B1_累积能量,8.2795,022,94.5455,,,-
B1_累积能量,9.0585,022,94.5455,,,-
B1_累积能量,9.9107,022,95.4545,,,-
B1_累积能量,10.8430,022,95.4545,,,-
B1_累积能量,11.8631,022,95.4545,,,-
B1_累积能量,12.9792,022,95.4545,,,-
B1_累积能量,14.2002,022,95.4545,,,-
B1_累积能量,15.5362,022,95.4545,,,-
B1_累积能量,16.9978,022,95.4545,,,-
B1_累积能量,18.5969,022,95.4545,,,-
B1_累积能量,20.3464,022,95.4545,,,-
B1_累积能量,22.2606,022,95.4545,,,-
B1_累积能量,24.3548,022,95.4545,,,-
B1_累积能量,26.6460,022,95.4545,,,-
B1_累积能量,29.1528,022,95.4545,,,-
B1_累积能量,31.8955,022,95.4545,,,-
B1_累积能量,34.8961,022,95.4545,,,-
B1_累积能量,38.1791,022,95.4545,,,-
B1_累积能量,41.7709,022,95.4545,,,-
B1_累积能量,45.7006,022,95.4545,,,-
B1_累积能量,50.0000,022,95.4545,,,-
B2_块能量EWMA,1.5000,022,66.3636,,,-
B2_块能量EWMA,1.7005,022,91.8182,,,-
B2_块能量EWMA,1.9278,022,91.8182,,,-
B2_块能量EWMA,2.1855,022,92.7273,,,-
B2_块能量EWMA,2.4776,022,93.6364,,,-
B2_块能量EWMA,2.8088,022,93.6364,,,-
B2_块能量EWMA,3.1842,022,93.6364,,,-
B2_块能量EWMA,3.6099,022,93.6364,,,-
B2_块能量EWMA,4.0924,022,93.6364,,,-
B2_块能量EWMA,4.6394,022,93.6364,,,-
B2_块能量EWMA,5.2595,022,94.5455,,,-
B2_块能量EWMA,5.9626,022,94.5455,,,-
B2_块能量EWMA,6.7596,022,94.5455,,,-
B2_块能量EWMA,7.6631,022,94.5455,,,-
B2_块能量EWMA,8.6874,022,94.5455,,,-
B2_块能量EWMA,9.8486,022,94.5455,,,-
B2_块能量EWMA,11.1651,022,94.5455,,,-
B2_块能量EWMA,12.6575,022,94.5455,,,-
B2_块能量EWMA,14.3493,022,94.5455,,,-
B2_块能量EWMA,16.2674,022,94.5455,,,-
B2_块能量EWMA,18.4418,022,94.5455,,,-
B2_块能量EWMA,20.9069,022,94.5455,,,-
B2_块能量EWMA,23.7014,022,94.5455,,,-
B2_块能量EWMA,26.8695,022,94.5455,,,-
B2_块能量EWMA,30.4611,022,94.5455,,,-
B2_块能量EWMA,34.5328,022,94.5455,,,-
B2_块能量EWMA,39.1487,022,94.5455,,,-
B2_块能量EWMA,44.3816,022,94.5455,,,-
B2_块能量EWMA,50.3139,022,94.5455,,,-
B2_块能量EWMA,57.0393,022,94.5455,,,-
B2_块能量EWMA,64.6635,022,95.4545,,,-
B2_块能量EWMA,73.3069,022,95.4545,,,-
B2_块能量EWMA,83.1057,022,95.4545,,,-
B2_块能量EWMA,94.2142,022,95.4545,,,-
B2_块能量EWMA,106.8075,022,95.4545,,,-
B2_块能量EWMA,121.0842,022,95.4545,,,-
B2_块能量EWMA,137.2692,022,95.4545,,,-
B2_块能量EWMA,155.6176,022,95.4545,,,-
B2_块能量EWMA,176.4186,022,95.4545,,,-
B2_块能量EWMA,200.0000,022,95.4545,,,-
B3_累积事件数,1.5000,022,44.5455,,,-
B3_累积事件数,1.6411,022,49.0909,,,-
B3_累积事件数,1.7955,022,53.6364,,,-
B3_累积事件数,1.9644,022,58.1818,,,-
B3_累积事件数,2.1492,022,63.6364,,,-
B3_累积事件数,2.3514,022,70.0000,,,-
B3_累积事件数,2.5726,022,76.3636,,,-
B3_累积事件数,2.8147,022,83.6364,,,-
B3_累积事件数,3.0795,022,91.8182,,,-
B3_累积事件数,3.3692,022,,,,C
B3_累积事件数,3.6861,022,,,,C
B3_累积事件数,4.0329,022,,,,C
B3_累积事件数,4.4123,022,,,,C
B3_累积事件数,4.8274,022,,,,C
B3_累积事件数,5.2816,022,,,,C
B3_累积事件数,5.7785,022,,,,C
B3_累积事件数,6.3221,022,,,,C
B3_累积事件数,6.9169,022,,,,C
B3_累积事件数,7.5676,022,,,,C
B3_累积事件数,8.2795,022,,,,C
B3_累积事件数,9.0585,022,,,,C
B3_累积事件数,9.9107,022,,,,C
B3_累积事件数,10.8430,022,,,,C
B3_累积事件数,11.8631,022,,,,C
B3_累积事件数,12.9792,022,,,,C
B3_累积事件数,14.2002,022,,,,C
B3_累积事件数,15.5362,022,,,,C
B3_累积事件数,16.9978,022,,,,C
B3_累积事件数,18.5969,022,,,,C
B3_累积事件数,20.3464,022,,,,C
B3_累积事件数,22.2606,022,,,,C
B3_累积事件数,24.3548,022,,,,C
B3_累积事件数,26.6460,022,,,,C
B3_累积事件数,29.1528,022,,,,C
B3_累积事件数,31.8955,022,,,,C
B3_累积事件数,34.8961,022,,,,C
B3_累积事件数,38.1791,022,,,,C
B3_累积事件数,41.7709,022,,,,C
B3_累积事件数,45.7006,022,,,,C
B3_累积事件数,50.0000,022,,,,C
ours_off_blk,0.2000,022,79.0909,,,-
ours_off_blk,0.2100,022,80.0000,,,-
ours_off_blk,0.2200,022,80.9091,,,-
ours_off_blk,0.2300,022,81.8182,,,-
ours_off_blk,0.2400,022,81.8182,,,-
ours_off_blk,0.2500,022,81.8182,,,-
ours_off_blk,0.2600,022,82.7273,,,-
ours_off_blk,0.2700,022,83.6364,,,-
ours_off_blk,0.2800,022,83.6364,,,-
ours_off_blk,0.2900,022,84.5455,,,-
ours_off_blk,0.3000,022,85.4545,,,-
ours_off_blk,0.3100,022,85.4545,,,-
ours_off_blk,0.3200,022,85.4545,,,-
ours_off_blk,0.3300,022,85.4545,,,-
ours_off_blk,0.3400,022,85.4545,,,-
ours_off_blk,0.3500,022,85.4545,,,-
ours_off_blk,0.3600,022,85.4545,,,-
ours_off_blk,0.3700,022,85.4545,,,-
ours_off_blk,0.3800,022,85.4545,,,-
ours_off_blk,0.3900,022,86.3636,,,-
ours_off_blk,0.4000,022,86.3636,,,-
ours_off_blk,0.4100,022,86.3636,,,-
ours_off_blk,0.4200,022,86.3636,,,-
ours_off_blk,0.4300,022,86.3636,,,-
ours_off_blk,0.4400,022,87.2727,,,-
ours_off_blk,0.4500,022,87.2727,,,-
ours_off_blk,0.4600,022,87.2727,,,-
ours_off_blk,0.4700,022,87.2727,,,-
ours_off_blk,0.4800,022,87.2727,,,-
ours_off_blk,0.4900,022,88.1818,,,-
ours_off_blk,0.5000,022,88.1818,,,-
ours_off_blk,0.5100,022,88.1818,,,-
ours_off_blk,0.5200,022,88.1818,,,-
ours_off_blk,0.5300,022,89.0909,,,-
ours_off_blk,0.5400,022,89.0909,,,-
ours_off_blk,0.5500,022,89.0909,,,-
ours_off_blk,0.5600,022,89.0909,,,-
ours_off_blk,0.5700,022,90.0000,,,-
ours_off_blk,0.5800,022,90.0000,,,-
ours_off_blk,0.5900,022,90.9091,,,-
ours_off_blk,0.6000,022,94.5455,,,-
ours_off_blk,0.6100,022,94.5455,,,-
ours_off_blk,0.6200,022,94.5455,,,-
ours_off_blk,0.6300,022,94.5455,,,-
ours_off_blk,0.6400,022,94.5455,,,-
ours_off_blk,0.6500,022,94.5455,,,-
ours_off_blk,0.6600,022,94.5455,,,-
ours_off_blk,0.6700,022,94.5455,,,-
ours_off_blk,0.6800,022,94.5455,,,-
ours_off_blk,0.6900,022,94.5455,,,-
ours_off_blk,0.7000,022,94.5455,,,-
ours_off_blk,0.7100,022,94.5455,,,-
ours_off_blk,0.7200,022,94.5455,,,-
ours_off_blk,0.7300,022,94.5455,,,-
ours_off_blk,0.7400,022,94.5455,,,-
ours_off_blk,0.7500,022,94.5455,,,-
ours_off_blk,0.7600,022,94.5455,,,-
ours_off_blk,0.7700,022,94.5455,,,-
ours_off_blk,0.7800,022,94.5455,,,-
ours_off_blk,0.7900,022,94.5455,,,-
ours_off_blk,0.8000,022,94.5455,,,-
ours_off_blk,0.8100,022,94.5455,,,-
ours_off_blk,0.8200,022,94.5455,,,-
ours_off_blk,0.8300,022,95.4545,,,-
ours_off_blk,0.8400,022,95.4545,,,-
ours_off_blk,0.8500,022,95.4545,,,-
ours_off_blk,0.8600,022,95.4545,,,-
ours_off_blk,0.8700,022,95.4545,,,-
ours_off_blk,0.8800,022,95.4545,,,-
ours_off_blk,0.8900,022,95.4545,,,-
ours_off_blk,0.9000,022,95.4545,,,-
ours_off_blk,0.9100,022,95.4545,,,-
ours_off_blk,0.9200,022,95.4545,,,-
ours_off_blk,0.9300,022,96.3636,,,-
ours_off_blk,0.9400,022,96.3636,,,-
ours_off_blk,0.9500,022,96.3636,,,-
ours_ae_blk,0.2000,022,91.8182,,,-
ours_ae_blk,0.2100,022,91.8182,,,-
ours_ae_blk,0.2200,022,91.8182,,,-
ours_ae_blk,0.2300,022,91.8182,,,-
ours_ae_blk,0.2400,022,92.7273,,,-
ours_ae_blk,0.2500,022,92.7273,,,-
ours_ae_blk,0.2600,022,92.7273,,,-
ours_ae_blk,0.2700,022,92.7273,,,-
ours_ae_blk,0.2800,022,93.6364,,,-
ours_ae_blk,0.2900,022,93.6364,,,-
ours_ae_blk,0.3000,022,93.6364,,,-
ours_ae_blk,0.3100,022,93.6364,,,-
ours_ae_blk,0.3200,022,93.6364,,,-
ours_ae_blk,0.3300,022,93.6364,,,-
ours_ae_blk,0.3400,022,93.6364,,,-
ours_ae_blk,0.3500,022,93.6364,,,-
ours_ae_blk,0.3600,022,93.6364,,,-
ours_ae_blk,0.3700,022,93.6364,,,-
ours_ae_blk,0.3800,022,93.6364,,,-
ours_ae_blk,0.3900,022,93.6364,,,-
ours_ae_blk,0.4000,022,93.6364,,,-
ours_ae_blk,0.4100,022,93.6364,,,-
ours_ae_blk,0.4200,022,93.6364,,,-
ours_ae_blk,0.4300,022,93.6364,,,-
ours_ae_blk,0.4400,022,93.6364,,,-
ours_ae_blk,0.4500,022,93.6364,,,-
ours_ae_blk,0.4600,022,94.5455,,,-
ours_ae_blk,0.4700,022,94.5455,,,-
ours_ae_blk,0.4800,022,94.5455,,,-
ours_ae_blk,0.4900,022,94.5455,,,-
ours_ae_blk,0.5000,022,94.5455,,,-
ours_ae_blk,0.5100,022,94.5455,,,-
ours_ae_blk,0.5200,022,94.5455,,,-
ours_ae_blk,0.5300,022,94.5455,,,-
ours_ae_blk,0.5400,022,94.5455,,,-
ours_ae_blk,0.5500,022,94.5455,,,-
ours_ae_blk,0.5600,022,94.5455,,,-
ours_ae_blk,0.5700,022,94.5455,,,-
ours_ae_blk,0.5800,022,94.5455,,,-
ours_ae_blk,0.5900,022,94.5455,,,-
ours_ae_blk,0.6000,022,94.5455,,,-
ours_ae_blk,0.6100,022,94.5455,,,-
ours_ae_blk,0.6200,022,94.5455,,,-
ours_ae_blk,0.6300,022,94.5455,,,-
ours_ae_blk,0.6400,022,94.5455,,,-
ours_ae_blk,0.6500,022,94.5455,,,-
ours_ae_blk,0.6600,022,94.5455,,,-
ours_ae_blk,0.6700,022,94.5455,,,-
ours_ae_blk,0.6800,022,94.5455,,,-
ours_ae_blk,0.6900,022,94.5455,,,-
ours_ae_blk,0.7000,022,94.5455,,,-
ours_ae_blk,0.7100,022,94.5455,,,-
ours_ae_blk,0.7200,022,94.5455,,,-
ours_ae_blk,0.7300,022,94.5455,,,-
ours_ae_blk,0.7400,022,94.5455,,,-
ours_ae_blk,0.7500,022,94.5455,,,-
ours_ae_blk,0.7600,022,94.5455,,,-
ours_ae_blk,0.7700,022,95.4545,,,-
ours_ae_blk,0.7800,022,95.4545,,,-
ours_ae_blk,0.7900,022,95.4545,,,-
ours_ae_blk,0.8000,022,95.4545,,,-
ours_ae_blk,0.8100,022,95.4545,,,-
ours_ae_blk,0.8200,022,95.4545,,,-
ours_ae_blk,0.8300,022,95.4545,,,-
ours_ae_blk,0.8400,022,95.4545,,,-
ours_ae_blk,0.8500,022,95.4545,,,-
ours_ae_blk,0.8600,022,95.4545,,,-
ours_ae_blk,0.8700,022,95.4545,,,-
ours_ae_blk,0.8800,022,95.4545,,,-
ours_ae_blk,0.8900,022,95.4545,,,-
ours_ae_blk,0.9000,022,96.3636,,,-
ours_ae_blk,0.9100,022,96.3636,,,-
ours_ae_blk,0.9200,022,96.3636,,,-
ours_ae_blk,0.9300,022,96.3636,,,-
ours_ae_blk,0.9400,022,96.3636,,,-
ours_ae_blk,0.9500,022,96.3636,,,-
ours_off_pt,,022,86.0567,,,-
ours_ae_pt,,022,94.2096,,,-
B1_累积能量,1.5000,023,22.9614,,,-
B1_累积能量,1.6411,023,23.3906,,,-
B1_累积能量,1.7955,023,23.3906,,,-
B1_累积能量,1.9644,023,23.3906,,,-
B1_累积能量,2.1492,023,23.3906,,,-
B1_累积能量,2.3514,023,23.3906,,,-
B1_累积能量,2.5726,023,23.3906,,,-
B1_累积能量,2.8147,023,23.3906,,,-
B1_累积能量,3.0795,023,23.3906,,,-
B1_累积能量,3.3692,023,23.3906,,,-
B1_累积能量,3.6861,023,23.3906,,,-
B1_累积能量,4.0329,023,23.3906,,,-
B1_累积能量,4.4123,023,23.3906,,,-
B1_累积能量,4.8274,023,23.3906,,,-
B1_累积能量,5.2816,023,23.3906,,,-
B1_累积能量,5.7785,023,23.3906,,,-
B1_累积能量,6.3221,023,23.3906,,,-
B1_累积能量,6.9169,023,23.3906,,,-
B1_累积能量,7.5676,023,23.3906,,,-
B1_累积能量,8.2795,023,23.3906,,,-
B1_累积能量,9.0585,023,23.3906,,,-
B1_累积能量,9.9107,023,23.3906,,,-
B1_累积能量,10.8430,023,23.3906,,,-
B1_累积能量,11.8631,023,23.3906,,,-
B1_累积能量,12.9792,023,23.3906,,,-
B1_累积能量,14.2002,023,23.3906,,,-
B1_累积能量,15.5362,023,23.3906,,,-
B1_累积能量,16.9978,023,23.3906,,,-
B1_累积能量,18.5969,023,23.3906,,,-
B1_累积能量,20.3464,023,23.3906,,,-
B1_累积能量,22.2606,023,23.3906,,,-
B1_累积能量,24.3548,023,23.3906,,,-
B1_累积能量,26.6460,023,23.3906,,,-
B1_累积能量,29.1528,023,23.3906,,,-
B1_累积能量,31.8955,023,23.3906,,,-
B1_累积能量,34.8961,023,23.3906,,,-
B1_累积能量,38.1791,023,23.3906,,,-
B1_累积能量,41.7709,023,23.3906,,,-
B1_累积能量,45.7006,023,23.3906,,,-
B1_累积能量,50.0000,023,23.3906,,,-
B2_块能量EWMA,1.5000,023,0.0000,,,-
B2_块能量EWMA,1.7005,023,0.0000,,,-
B2_块能量EWMA,1.9278,023,0.0000,,,-
B2_块能量EWMA,2.1855,023,0.0000,,,-
B2_块能量EWMA,2.4776,023,0.0000,,,-
B2_块能量EWMA,2.8088,023,0.0000,,,-
B2_块能量EWMA,3.1842,023,0.0000,,,-
B2_块能量EWMA,3.6099,023,0.0000,,,-
B2_块能量EWMA,4.0924,023,0.0000,,,-
B2_块能量EWMA,4.6394,023,23.3906,,,-
B2_块能量EWMA,5.2595,023,23.3906,,,-
B2_块能量EWMA,5.9626,023,23.3906,,,-
B2_块能量EWMA,6.7596,023,23.3906,,,-
B2_块能量EWMA,7.6631,023,23.3906,,,-
B2_块能量EWMA,8.6874,023,23.3906,,,-
B2_块能量EWMA,9.8486,023,23.3906,,,-
B2_块能量EWMA,11.1651,023,23.3906,,,-
B2_块能量EWMA,12.6575,023,23.3906,,,-
B2_块能量EWMA,14.3493,023,23.3906,,,-
B2_块能量EWMA,16.2674,023,23.3906,,,-
B2_块能量EWMA,18.4418,023,23.3906,,,-
B2_块能量EWMA,20.9069,023,23.3906,,,-
B2_块能量EWMA,23.7014,023,23.3906,,,-
B2_块能量EWMA,26.8695,023,23.3906,,,-
B2_块能量EWMA,30.4611,023,23.3906,,,-
B2_块能量EWMA,34.5328,023,23.3906,,,-
B2_块能量EWMA,39.1487,023,23.3906,,,-
B2_块能量EWMA,44.3816,023,23.3906,,,-
B2_块能量EWMA,50.3139,023,23.3906,,,-
B2_块能量EWMA,57.0393,023,23.3906,,,-
B2_块能量EWMA,64.6635,023,23.3906,,,-
B2_块能量EWMA,73.3069,023,23.3906,,,-
B2_块能量EWMA,83.1057,023,23.3906,,,-
B2_块能量EWMA,94.2142,023,23.3906,,,-
B2_块能量EWMA,106.8075,023,23.3906,,,-
B2_块能量EWMA,121.0842,023,23.3906,,,-
B2_块能量EWMA,137.2692,023,23.3906,,,-
B2_块能量EWMA,155.6176,023,23.3906,,,-
B2_块能量EWMA,176.4186,023,23.3906,,,-
B2_块能量EWMA,200.0000,023,23.3906,,,-
B3_累积事件数,1.5000,023,10.5150,,,-
B3_累积事件数,1.6411,023,11.5880,,,-
B3_累积事件数,1.7955,023,12.6609,,,-
B3_累积事件数,1.9644,023,13.7339,,,-
B3_累积事件数,2.1492,023,15.0215,,,-
B3_累积事件数,2.3514,023,16.5236,,,-
B3_累积事件数,2.5726,023,18.0258,,,-
B3_累积事件数,2.8147,023,19.7425,,,-
B3_累积事件数,3.0795,023,21.6738,,,-
B3_累积事件数,3.3692,023,23.8197,,,-
B3_累积事件数,3.6861,023,25.9657,,,-
B3_累积事件数,4.0329,023,28.5408,,,-
B3_累积事件数,4.4123,023,31.1159,,,-
B3_累积事件数,4.8274,023,34.1202,,,-
B3_累积事件数,5.2816,023,37.3391,,,-
B3_累积事件数,5.7785,023,40.7725,,,-
B3_累积事件数,6.3221,023,44.6352,,,-
B3_累积事件数,6.9169,023,48.9270,,,-
B3_累积事件数,7.5676,023,53.4335,,,-
B3_累积事件数,8.2795,023,58.5837,,,-
B3_累积事件数,9.0585,023,63.9485,,,-
B3_累积事件数,9.9107,023,70.1717,,,-
B3_累积事件数,10.8430,023,76.6094,,,-
B3_累积事件数,11.8631,023,83.9056,,,-
B3_累积事件数,12.9792,023,91.8455,,,-
B3_累积事件数,14.2002,023,,,,C
B3_累积事件数,15.5362,023,,,,C
B3_累积事件数,16.9978,023,,,,C
B3_累积事件数,18.5969,023,,,,C
B3_累积事件数,20.3464,023,,,,C
B3_累积事件数,22.2606,023,,,,C
B3_累积事件数,24.3548,023,,,,C
B3_累积事件数,26.6460,023,,,,C
B3_累积事件数,29.1528,023,,,,C
B3_累积事件数,31.8955,023,,,,C
B3_累积事件数,34.8961,023,,,,C
B3_累积事件数,38.1791,023,,,,C
B3_累积事件数,41.7709,023,,,,C
B3_累积事件数,45.7006,023,,,,C
B3_累积事件数,50.0000,023,,,,C
ours_off_blk,0.2000,023,9.0129,,,-
ours_off_blk,0.2100,023,9.4421,,,-
ours_off_blk,0.2200,023,9.4421,,,-
ours_off_blk,0.2300,023,9.4421,,,-
ours_off_blk,0.2400,023,9.4421,,,-
ours_off_blk,0.2500,023,10.3004,,,-
ours_off_blk,0.2600,023,10.3004,,,-
ours_off_blk,0.2700,023,10.3004,,,-
ours_off_blk,0.2800,023,10.3004,,,-
ours_off_blk,0.2900,023,10.9442,,,-
ours_off_blk,0.3000,023,10.9442,,,-
ours_off_blk,0.3100,023,10.9442,,,-
ours_off_blk,0.3200,023,10.9442,,,-
ours_off_blk,0.3300,023,10.9442,,,-
ours_off_blk,0.3400,023,10.9442,,,-
ours_off_blk,0.3500,023,10.9442,,,-
ours_off_blk,0.3600,023,10.9442,,,-
ours_off_blk,0.3700,023,10.9442,,,-
ours_off_blk,0.3800,023,10.9442,,,-
ours_off_blk,0.3900,023,10.9442,,,-
ours_off_blk,0.4000,023,10.9442,,,-
ours_off_blk,0.4100,023,10.9442,,,-
ours_off_blk,0.4200,023,10.9442,,,-
ours_off_blk,0.4300,023,10.9442,,,-
ours_off_blk,0.4400,023,10.9442,,,-
ours_off_blk,0.4500,023,10.9442,,,-
ours_off_blk,0.4600,023,10.9442,,,-
ours_off_blk,0.4700,023,11.8026,,,-
ours_off_blk,0.4800,023,11.8026,,,-
ours_off_blk,0.4900,023,11.8026,,,-
ours_off_blk,0.5000,023,11.8026,,,-
ours_off_blk,0.5100,023,11.8026,,,-
ours_off_blk,0.5200,023,11.8026,,,-
ours_off_blk,0.5300,023,11.8026,,,-
ours_off_blk,0.5400,023,12.2318,,,-
ours_off_blk,0.5500,023,12.2318,,,-
ours_off_blk,0.5600,023,12.2318,,,-
ours_off_blk,0.5700,023,13.7339,,,-
ours_off_blk,0.5800,023,13.9485,,,-
ours_off_blk,0.5900,023,14.1631,,,-
ours_off_blk,0.6000,023,23.3906,,,-
ours_off_blk,0.6100,023,23.3906,,,-
ours_off_blk,0.6200,023,23.3906,,,-
ours_off_blk,0.6300,023,23.3906,,,-
ours_off_blk,0.6400,023,23.3906,,,-
ours_off_blk,0.6500,023,23.3906,,,-
ours_off_blk,0.6600,023,23.3906,,,-
ours_off_blk,0.6700,023,23.3906,,,-
ours_off_blk,0.6800,023,23.3906,,,-
ours_off_blk,0.6900,023,23.3906,,,-
ours_off_blk,0.7000,023,23.3906,,,-
ours_off_blk,0.7100,023,23.3906,,,-
ours_off_blk,0.7200,023,23.3906,,,-
ours_off_blk,0.7300,023,23.3906,,,-
ours_off_blk,0.7400,023,23.3906,,,-
ours_off_blk,0.7500,023,23.3906,,,-
ours_off_blk,0.7600,023,23.3906,,,-
ours_off_blk,0.7700,023,23.3906,,,-
ours_off_blk,0.7800,023,23.3906,,,-
ours_off_blk,0.7900,023,23.3906,,,-
ours_off_blk,0.8000,023,23.3906,,,-
ours_off_blk,0.8100,023,23.3906,,,-
ours_off_blk,0.8200,023,23.6052,,,-
ours_off_blk,0.8300,023,23.6052,,,-
ours_off_blk,0.8400,023,23.6052,,,-
ours_off_blk,0.8500,023,23.6052,,,-
ours_off_blk,0.8600,023,23.6052,,,-
ours_off_blk,0.8700,023,23.6052,,,-
ours_off_blk,0.8800,023,23.6052,,,-
ours_off_blk,0.8900,023,23.6052,,,-
ours_off_blk,0.9000,023,23.6052,,,-
ours_off_blk,0.9100,023,23.6052,,,-
ours_off_blk,0.9200,023,23.6052,,,-
ours_off_blk,0.9300,023,23.8197,,,-
ours_off_blk,0.9400,023,23.8197,,,-
ours_off_blk,0.9500,023,23.8197,,,-
ours_ae_blk,0.2000,023,23.6052,,,-
ours_ae_blk,0.2100,023,23.6052,,,-
ours_ae_blk,0.2200,023,23.6052,,,-
ours_ae_blk,0.2300,023,23.6052,,,-
ours_ae_blk,0.2400,023,23.6052,,,-
ours_ae_blk,0.2500,023,23.6052,,,-
ours_ae_blk,0.2600,023,23.8197,,,-
ours_ae_blk,0.2700,023,23.8197,,,-
ours_ae_blk,0.2800,023,23.8197,,,-
ours_ae_blk,0.2900,023,23.8197,,,-
ours_ae_blk,0.3000,023,23.8197,,,-
ours_ae_blk,0.3100,023,23.8197,,,-
ours_ae_blk,0.3200,023,23.8197,,,-
ours_ae_blk,0.3300,023,23.8197,,,-
ours_ae_blk,0.3400,023,23.8197,,,-
ours_ae_blk,0.3500,023,23.8197,,,-
ours_ae_blk,0.3600,023,23.8197,,,-
ours_ae_blk,0.3700,023,23.8197,,,-
ours_ae_blk,0.3800,023,23.8197,,,-
ours_ae_blk,0.3900,023,23.8197,,,-
ours_ae_blk,0.4000,023,23.8197,,,-
ours_ae_blk,0.4100,023,23.8197,,,-
ours_ae_blk,0.4200,023,23.8197,,,-
ours_ae_blk,0.4300,023,23.8197,,,-
ours_ae_blk,0.4400,023,23.8197,,,-
ours_ae_blk,0.4500,023,23.8197,,,-
ours_ae_blk,0.4600,023,23.8197,,,-
ours_ae_blk,0.4700,023,23.8197,,,-
ours_ae_blk,0.4800,023,23.8197,,,-
ours_ae_blk,0.4900,023,23.8197,,,-
ours_ae_blk,0.5000,023,23.8197,,,-
ours_ae_blk,0.5100,023,23.8197,,,-
ours_ae_blk,0.5200,023,23.8197,,,-
ours_ae_blk,0.5300,023,23.8197,,,-
ours_ae_blk,0.5400,023,23.8197,,,-
ours_ae_blk,0.5500,023,23.8197,,,-
ours_ae_blk,0.5600,023,23.8197,,,-
ours_ae_blk,0.5700,023,23.8197,,,-
ours_ae_blk,0.5800,023,23.8197,,,-
ours_ae_blk,0.5900,023,23.8197,,,-
ours_ae_blk,0.6000,023,23.8197,,,-
ours_ae_blk,0.6100,023,23.8197,,,-
ours_ae_blk,0.6200,023,23.8197,,,-
ours_ae_blk,0.6300,023,23.8197,,,-
ours_ae_blk,0.6400,023,23.8197,,,-
ours_ae_blk,0.6500,023,23.8197,,,-
ours_ae_blk,0.6600,023,23.8197,,,-
ours_ae_blk,0.6700,023,23.8197,,,-
ours_ae_blk,0.6800,023,24.0343,,,-
ours_ae_blk,0.6900,023,24.0343,,,-
ours_ae_blk,0.7000,023,24.0343,,,-
ours_ae_blk,0.7100,023,24.0343,,,-
ours_ae_blk,0.7200,023,24.0343,,,-
ours_ae_blk,0.7300,023,24.0343,,,-
ours_ae_blk,0.7400,023,24.0343,,,-
ours_ae_blk,0.7500,023,24.0343,,,-
ours_ae_blk,0.7600,023,24.0343,,,-
ours_ae_blk,0.7700,023,24.0343,,,-
ours_ae_blk,0.7800,023,24.0343,,,-
ours_ae_blk,0.7900,023,24.0343,,,-
ours_ae_blk,0.8000,023,24.0343,,,-
ours_ae_blk,0.8100,023,24.0343,,,-
ours_ae_blk,0.8200,023,24.0343,,,-
ours_ae_blk,0.8300,023,24.0343,,,-
ours_ae_blk,0.8400,023,24.0343,,,-
ours_ae_blk,0.8500,023,24.0343,,,-
ours_ae_blk,0.8600,023,24.2489,,,-
ours_ae_blk,0.8700,023,24.2489,,,-
ours_ae_blk,0.8800,023,24.2489,,,-
ours_ae_blk,0.8900,023,24.2489,,,-
ours_ae_blk,0.9000,023,24.2489,,,-
ours_ae_blk,0.9100,023,24.2489,,,-
ours_ae_blk,0.9200,023,24.2489,,,-
ours_ae_blk,0.9300,023,24.2489,,,-
ours_ae_blk,0.9400,023,27.6824,,,-
ours_ae_blk,0.9500,023,27.6824,,,-
ours_off_pt,,023,11.1578,,,-
ours_ae_pt,,023,24.0327,,,-
B1_累积能量,1.5000,024,18.9516,,,-
B1_累积能量,1.6411,024,22.5806,,,-
B1_累积能量,1.7955,024,27.0161,,,-
B1_累积能量,1.9644,024,31.8548,,,-
B1_累积能量,2.1492,024,36.6935,,,-
B1_累积能量,2.3514,024,41.9355,,,-
B1_累积能量,2.5726,024,47.5806,,,-
B1_累积能量,2.8147,024,54.0323,,,-
B1_累积能量,3.0795,024,60.4839,,,-
B1_累积能量,3.3692,024,66.9355,,,-
B1_累积能量,3.6861,024,70.9677,,,-
B1_累积能量,4.0329,024,70.9677,,,-
B1_累积能量,4.4123,024,70.9677,,,-
B1_累积能量,4.8274,024,70.9677,,,-
B1_累积能量,5.2816,024,70.9677,,,-
B1_累积能量,5.7785,024,70.9677,,,-
B1_累积能量,6.3221,024,70.9677,,,-
B1_累积能量,6.9169,024,70.9677,,,-
B1_累积能量,7.5676,024,70.9677,,,-
B1_累积能量,8.2795,024,70.9677,,,-
B1_累积能量,9.0585,024,70.9677,,,-
B1_累积能量,9.9107,024,70.9677,,,-
B1_累积能量,10.8430,024,70.9677,,,-
B1_累积能量,11.8631,024,70.9677,,,-
B1_累积能量,12.9792,024,70.9677,,,-
B1_累积能量,14.2002,024,70.9677,,,-
B1_累积能量,15.5362,024,70.9677,,,-
B1_累积能量,16.9978,024,70.9677,,,-
B1_累积能量,18.5969,024,70.9677,,,-
B1_累积能量,20.3464,024,70.9677,,,-
B1_累积能量,22.2606,024,70.9677,,,-
B1_累积能量,24.3548,024,70.9677,,,-
B1_累积能量,26.6460,024,70.9677,,,-
B1_累积能量,29.1528,024,70.9677,,,-
B1_累积能量,31.8955,024,70.9677,,,-
B1_累积能量,34.8961,024,70.9677,,,-
B1_累积能量,38.1791,024,70.9677,,,-
B1_累积能量,41.7709,024,70.9677,,,-
B1_累积能量,45.7006,024,70.9677,,,-
B1_累积能量,50.0000,024,70.9677,,,-
B2_块能量EWMA,1.5000,024,4.0323,,,-
B2_块能量EWMA,1.7005,024,4.0323,,,-
B2_块能量EWMA,1.9278,024,4.0323,,,-
B2_块能量EWMA,2.1855,024,4.0323,,,-
B2_块能量EWMA,2.4776,024,4.0323,,,-
B2_块能量EWMA,2.8088,024,4.4355,,,-
B2_块能量EWMA,3.1842,024,4.4355,,,-
B2_块能量EWMA,3.6099,024,4.4355,,,-
B2_块能量EWMA,4.0924,024,4.4355,,,-
B2_块能量EWMA,4.6394,024,4.4355,,,-
B2_块能量EWMA,5.2595,024,70.9677,,,-
B2_块能量EWMA,5.9626,024,70.9677,,,-
B2_块能量EWMA,6.7596,024,70.9677,,,-
B2_块能量EWMA,7.6631,024,70.9677,,,-
B2_块能量EWMA,8.6874,024,70.9677,,,-
B2_块能量EWMA,9.8486,024,70.9677,,,-
B2_块能量EWMA,11.1651,024,70.9677,,,-
B2_块能量EWMA,12.6575,024,70.9677,,,-
B2_块能量EWMA,14.3493,024,70.9677,,,-
B2_块能量EWMA,16.2674,024,70.9677,,,-
B2_块能量EWMA,18.4418,024,70.9677,,,-
B2_块能量EWMA,20.9069,024,70.9677,,,-
B2_块能量EWMA,23.7014,024,70.9677,,,-
B2_块能量EWMA,26.8695,024,70.9677,,,-
B2_块能量EWMA,30.4611,024,70.9677,,,-
B2_块能量EWMA,34.5328,024,70.9677,,,-
B2_块能量EWMA,39.1487,024,70.9677,,,-
B2_块能量EWMA,44.3816,024,70.9677,,,-
B2_块能量EWMA,50.3139,024,70.9677,,,-
B2_块能量EWMA,57.0393,024,70.9677,,,-
B2_块能量EWMA,64.6635,024,70.9677,,,-
B2_块能量EWMA,73.3069,024,70.9677,,,-
B2_块能量EWMA,83.1057,024,70.9677,,,-
B2_块能量EWMA,94.2142,024,70.9677,,,-
B2_块能量EWMA,106.8075,024,70.9677,,,-
B2_块能量EWMA,121.0842,024,70.9677,,,-
B2_块能量EWMA,137.2692,024,70.9677,,,-
B2_块能量EWMA,155.6176,024,70.9677,,,-
B2_块能量EWMA,176.4186,024,70.9677,,,-
B2_块能量EWMA,200.0000,024,70.9677,,,-
B3_累积事件数,1.5000,024,19.7581,,,-
B3_累积事件数,1.6411,024,21.7742,,,-
B3_累积事件数,1.7955,024,23.7903,,,-
B3_累积事件数,1.9644,024,25.8065,,,-
B3_累积事件数,2.1492,024,28.2258,,,-
B3_累积事件数,2.3514,024,31.0484,,,-
B3_累积事件数,2.5726,024,33.8710,,,-
B3_累积事件数,2.8147,024,37.0968,,,-
B3_累积事件数,3.0795,024,40.7258,,,-
B3_累积事件数,3.3692,024,44.7581,,,-
B3_累积事件数,3.6861,024,48.7903,,,-
B3_累积事件数,4.0329,024,53.6290,,,-
B3_累积事件数,4.4123,024,58.4677,,,-
B3_累积事件数,4.8274,024,64.1129,,,-
B3_累积事件数,5.2816,024,70.1613,,,-
B3_累积事件数,5.7785,024,76.6129,,,-
B3_累积事件数,6.3221,024,83.8710,,,-
B3_累积事件数,6.9169,024,91.9355,,,-
B3_累积事件数,7.5676,024,,,,C
B3_累积事件数,8.2795,024,,,,C
B3_累积事件数,9.0585,024,,,,C
B3_累积事件数,9.9107,024,,,,C
B3_累积事件数,10.8430,024,,,,C
B3_累积事件数,11.8631,024,,,,C
B3_累积事件数,12.9792,024,,,,C
B3_累积事件数,14.2002,024,,,,C
B3_累积事件数,15.5362,024,,,,C
B3_累积事件数,16.9978,024,,,,C
B3_累积事件数,18.5969,024,,,,C
B3_累积事件数,20.3464,024,,,,C
B3_累积事件数,22.2606,024,,,,C
B3_累积事件数,24.3548,024,,,,C
B3_累积事件数,26.6460,024,,,,C
B3_累积事件数,29.1528,024,,,,C
B3_累积事件数,31.8955,024,,,,C
B3_累积事件数,34.8961,024,,,,C
B3_累积事件数,38.1791,024,,,,C
B3_累积事件数,41.7709,024,,,,C
B3_累积事件数,45.7006,024,,,,C
B3_累积事件数,50.0000,024,,,,C
ours_off_blk,0.2000,024,13.7097,,,-
ours_off_blk,0.2100,024,14.1129,,,-
ours_off_blk,0.2200,024,14.1129,,,-
ours_off_blk,0.2300,024,14.1129,,,-
ours_off_blk,0.2400,024,14.1129,,,-
ours_off_blk,0.2500,024,14.1129,,,-
ours_off_blk,0.2600,024,14.5161,,,-
ours_off_blk,0.2700,024,14.5161,,,-
ours_off_blk,0.2800,024,14.5161,,,-
ours_off_blk,0.2900,024,14.5161,,,-
ours_off_blk,0.3000,024,30.2419,,,-
ours_off_blk,0.3100,024,30.2419,,,-
ours_off_blk,0.3200,024,30.2419,,,-
ours_off_blk,0.3300,024,30.2419,,,-
ours_off_blk,0.3400,024,30.2419,,,-
ours_off_blk,0.3500,024,30.2419,,,-
ours_off_blk,0.3600,024,30.2419,,,-
ours_off_blk,0.3700,024,33.8710,,,-
ours_off_blk,0.3800,024,33.8710,,,-
ours_off_blk,0.3900,024,33.8710,,,-
ours_off_blk,0.4000,024,33.8710,,,-
ours_off_blk,0.4100,024,33.8710,,,-
ours_off_blk,0.4200,024,33.8710,,,-
ours_off_blk,0.4300,024,33.8710,,,-
ours_off_blk,0.4400,024,33.8710,,,-
ours_off_blk,0.4500,024,33.8710,,,-
ours_off_blk,0.4600,024,33.8710,,,-
ours_off_blk,0.4700,024,33.8710,,,-
ours_off_blk,0.4800,024,33.8710,,,-
ours_off_blk,0.4900,024,33.8710,,,-
ours_off_blk,0.5000,024,34.2742,,,-
ours_off_blk,0.5100,024,34.2742,,,-
ours_off_blk,0.5200,024,34.2742,,,-
ours_off_blk,0.5300,024,34.2742,,,-
ours_off_blk,0.5400,024,34.2742,,,-
ours_off_blk,0.5500,024,34.2742,,,-
ours_off_blk,0.5600,024,70.9677,,,-
ours_off_blk,0.5700,024,70.9677,,,-
ours_off_blk,0.5800,024,70.9677,,,-
ours_off_blk,0.5900,024,70.9677,,,-
ours_off_blk,0.6000,024,70.9677,,,-
ours_off_blk,0.6100,024,70.9677,,,-
ours_off_blk,0.6200,024,70.9677,,,-
ours_off_blk,0.6300,024,70.9677,,,-
ours_off_blk,0.6400,024,70.9677,,,-
ours_off_blk,0.6500,024,70.9677,,,-
ours_off_blk,0.6600,024,70.9677,,,-
ours_off_blk,0.6700,024,70.9677,,,-
ours_off_blk,0.6800,024,70.9677,,,-
ours_off_blk,0.6900,024,70.9677,,,-
ours_off_blk,0.7000,024,70.9677,,,-
ours_off_blk,0.7100,024,71.3710,,,-
ours_off_blk,0.7200,024,71.3710,,,-
ours_off_blk,0.7300,024,71.3710,,,-
ours_off_blk,0.7400,024,71.3710,,,-
ours_off_blk,0.7500,024,71.3710,,,-
ours_off_blk,0.7600,024,71.3710,,,-
ours_off_blk,0.7700,024,71.3710,,,-
ours_off_blk,0.7800,024,71.3710,,,-
ours_off_blk,0.7900,024,71.3710,,,-
ours_off_blk,0.8000,024,71.3710,,,-
ours_off_blk,0.8100,024,71.3710,,,-
ours_off_blk,0.8200,024,71.3710,,,-
ours_off_blk,0.8300,024,71.3710,,,-
ours_off_blk,0.8400,024,71.3710,,,-
ours_off_blk,0.8500,024,71.3710,,,-
ours_off_blk,0.8600,024,71.3710,,,-
ours_off_blk,0.8700,024,71.3710,,,-
ours_off_blk,0.8800,024,71.7742,,,-
ours_off_blk,0.8900,024,71.7742,,,-
ours_off_blk,0.9000,024,71.7742,,,-
ours_off_blk,0.9100,024,71.7742,,,-
ours_off_blk,0.9200,024,71.7742,,,-
ours_off_blk,0.9300,024,71.7742,,,-
ours_off_blk,0.9400,024,71.7742,,,-
ours_off_blk,0.9500,024,72.1774,,,-
ours_ae_blk,0.2000,024,70.9677,,,-
ours_ae_blk,0.2100,024,71.3710,,,-
ours_ae_blk,0.2200,024,71.3710,,,-
ours_ae_blk,0.2300,024,71.3710,,,-
ours_ae_blk,0.2400,024,71.3710,,,-
ours_ae_blk,0.2500,024,71.3710,,,-
ours_ae_blk,0.2600,024,71.3710,,,-
ours_ae_blk,0.2700,024,71.3710,,,-
ours_ae_blk,0.2800,024,71.3710,,,-
ours_ae_blk,0.2900,024,71.3710,,,-
ours_ae_blk,0.3000,024,71.7742,,,-
ours_ae_blk,0.3100,024,71.7742,,,-
ours_ae_blk,0.3200,024,71.7742,,,-
ours_ae_blk,0.3300,024,71.7742,,,-
ours_ae_blk,0.3400,024,71.7742,,,-
ours_ae_blk,0.3500,024,71.7742,,,-
ours_ae_blk,0.3600,024,71.7742,,,-
ours_ae_blk,0.3700,024,71.7742,,,-
ours_ae_blk,0.3800,024,71.7742,,,-
ours_ae_blk,0.3900,024,71.7742,,,-
ours_ae_blk,0.4000,024,71.7742,,,-
ours_ae_blk,0.4100,024,71.7742,,,-
ours_ae_blk,0.4200,024,71.7742,,,-
ours_ae_blk,0.4300,024,71.7742,,,-
ours_ae_blk,0.4400,024,71.7742,,,-
ours_ae_blk,0.4500,024,71.7742,,,-
ours_ae_blk,0.4600,024,71.7742,,,-
ours_ae_blk,0.4700,024,71.7742,,,-
ours_ae_blk,0.4800,024,71.7742,,,-
ours_ae_blk,0.4900,024,71.7742,,,-
ours_ae_blk,0.5000,024,71.7742,,,-
ours_ae_blk,0.5100,024,71.7742,,,-
ours_ae_blk,0.5200,024,71.7742,,,-
ours_ae_blk,0.5300,024,71.7742,,,-
ours_ae_blk,0.5400,024,71.7742,,,-
ours_ae_blk,0.5500,024,71.7742,,,-
ours_ae_blk,0.5600,024,71.7742,,,-
ours_ae_blk,0.5700,024,71.7742,,,-
ours_ae_blk,0.5800,024,71.7742,,,-
ours_ae_blk,0.5900,024,71.7742,,,-
ours_ae_blk,0.6000,024,71.7742,,,-
ours_ae_blk,0.6100,024,71.7742,,,-
ours_ae_blk,0.6200,024,71.7742,,,-
ours_ae_blk,0.6300,024,71.7742,,,-
ours_ae_blk,0.6400,024,71.7742,,,-
ours_ae_blk,0.6500,024,71.7742,,,-
ours_ae_blk,0.6600,024,71.7742,,,-
ours_ae_blk,0.6700,024,71.7742,,,-
ours_ae_blk,0.6800,024,71.7742,,,-
ours_ae_blk,0.6900,024,71.7742,,,-
ours_ae_blk,0.7000,024,72.1774,,,-
ours_ae_blk,0.7100,024,72.1774,,,-
ours_ae_blk,0.7200,024,72.1774,,,-
ours_ae_blk,0.7300,024,72.1774,,,-
ours_ae_blk,0.7400,024,72.1774,,,-
ours_ae_blk,0.7500,024,72.1774,,,-
ours_ae_blk,0.7600,024,72.1774,,,-
ours_ae_blk,0.7700,024,72.1774,,,-
ours_ae_blk,0.7800,024,72.1774,,,-
ours_ae_blk,0.7900,024,72.1774,,,-
ours_ae_blk,0.8000,024,72.1774,,,-
ours_ae_blk,0.8100,024,72.1774,,,-
ours_ae_blk,0.8200,024,72.1774,,,-
ours_ae_blk,0.8300,024,72.1774,,,-
ours_ae_blk,0.8400,024,72.1774,,,-
ours_ae_blk,0.8500,024,72.1774,,,-
ours_ae_blk,0.8600,024,72.1774,,,-
ours_ae_blk,0.8700,024,72.5806,,,-
ours_ae_blk,0.8800,024,72.5806,,,-
ours_ae_blk,0.8900,024,72.5806,,,-
ours_ae_blk,0.9000,024,72.5806,,,-
ours_ae_blk,0.9100,024,72.5806,,,-
ours_ae_blk,0.9200,024,72.5806,,,-
ours_ae_blk,0.9300,024,72.5806,,,-
ours_ae_blk,0.9400,024,72.5806,,,-
ours_ae_blk,0.9500,024,99.5968,,,-
ours_off_pt,,024,30.6155,,,-
ours_ae_pt,,024,72.1086,,,-
B1_累积能量,1.5000,025,16.0000,,,-
B1_累积能量,1.6411,025,19.5294,,,-
B1_累积能量,1.7955,025,23.2941,,,-
B1_累积能量,1.9644,025,26.8235,,,-
B1_累积能量,2.1492,025,32.0000,,,-
B1_累积能量,2.3514,025,37.1765,,,-
B1_累积能量,2.5726,025,42.8235,,,-
B1_累积能量,2.8147,025,48.7059,,,-
B1_累积能量,3.0795,025,55.2941,,,-
B1_累积能量,3.3692,025,61.8824,,,-
B1_累积能量,3.6861,025,67.7647,,,-
B1_累积能量,4.0329,025,75.7647,,,-
B1_累积能量,4.4123,025,87.5294,,,-
B1_累积能量,4.8274,025,94.1176,,,-
B1_累积能量,5.2816,025,98.3529,,,-
B1_累积能量,5.7785,025,99.2941,,,-
B1_累积能量,6.3221,025,99.5294,,,-
B1_累积能量,6.9169,025,99.5294,,,-
B1_累积能量,7.5676,025,99.7647,,,-
B1_累积能量,8.2795,025,99.7647,,,-
B1_累积能量,9.0585,025,99.7647,,,-
B1_累积能量,9.9107,025,99.7647,,,-
B1_累积能量,10.8430,025,99.7647,,,-
B1_累积能量,11.8631,025,99.7647,,,-
B1_累积能量,12.9792,025,99.7647,,,-
B1_累积能量,14.2002,025,99.7647,,,-
B1_累积能量,15.5362,025,99.7647,,,-
B1_累积能量,16.9978,025,99.7647,,,-
B1_累积能量,18.5969,025,99.7647,,,-
B1_累积能量,20.3464,025,99.7647,,,-
B1_累积能量,22.2606,025,99.7647,,,-
B1_累积能量,24.3548,025,99.7647,,,-
B1_累积能量,26.6460,025,99.7647,,,-
B1_累积能量,29.1528,025,99.7647,,,-
B1_累积能量,31.8955,025,99.7647,,,-
B1_累积能量,34.8961,025,99.7647,,,-
B1_累积能量,38.1791,025,99.7647,,,-
B1_累积能量,41.7709,025,99.7647,,,-
B1_累积能量,45.7006,025,99.7647,,,-
B1_累积能量,50.0000,025,99.7647,,,-
B2_块能量EWMA,1.5000,025,0.2353,,,-
B2_块能量EWMA,1.7005,025,0.7059,,,-
B2_块能量EWMA,1.9278,025,1.1765,,,-
B2_块能量EWMA,2.1855,025,1.1765,,,-
B2_块能量EWMA,2.4776,025,1.1765,,,-
B2_块能量EWMA,2.8088,025,1.1765,,,-
B2_块能量EWMA,3.1842,025,98.5882,,,-
B2_块能量EWMA,3.6099,025,99.0588,,,-
B2_块能量EWMA,4.0924,025,99.0588,,,-
B2_块能量EWMA,4.6394,025,99.0588,,,-
B2_块能量EWMA,5.2595,025,99.2941,,,-
B2_块能量EWMA,5.9626,025,99.2941,,,-
B2_块能量EWMA,6.7596,025,99.2941,,,-
B2_块能量EWMA,7.6631,025,99.2941,,,-
B2_块能量EWMA,8.6874,025,99.5294,,,-
B2_块能量EWMA,9.8486,025,99.5294,,,-
B2_块能量EWMA,11.1651,025,99.5294,,,-
B2_块能量EWMA,12.6575,025,99.5294,,,-
B2_块能量EWMA,14.3493,025,99.5294,,,-
B2_块能量EWMA,16.2674,025,99.5294,,,-
B2_块能量EWMA,18.4418,025,99.5294,,,-
B2_块能量EWMA,20.9069,025,99.5294,,,-
B2_块能量EWMA,23.7014,025,99.5294,,,-
B2_块能量EWMA,26.8695,025,99.5294,,,-
B2_块能量EWMA,30.4611,025,99.7647,,,-
B2_块能量EWMA,34.5328,025,99.7647,,,-
B2_块能量EWMA,39.1487,025,99.7647,,,-
B2_块能量EWMA,44.3816,025,99.7647,,,-
B2_块能量EWMA,50.3139,025,99.7647,,,-
B2_块能量EWMA,57.0393,025,99.7647,,,-
B2_块能量EWMA,64.6635,025,99.7647,,,-
B2_块能量EWMA,73.3069,025,99.7647,,,-
B2_块能量EWMA,83.1057,025,99.7647,,,-
B2_块能量EWMA,94.2142,025,99.7647,,,-
B2_块能量EWMA,106.8075,025,99.7647,,,-
B2_块能量EWMA,121.0842,025,99.7647,,,-
B2_块能量EWMA,137.2692,025,99.7647,,,-
B2_块能量EWMA,155.6176,025,99.7647,,,-
B2_块能量EWMA,176.4186,025,99.7647,,,-
B2_块能量EWMA,200.0000,025,99.7647,,,-
B3_累积事件数,1.5000,025,11.5294,,,-
B3_累积事件数,1.6411,025,12.7059,,,-
B3_累积事件数,1.7955,025,13.8824,,,-
B3_累积事件数,1.9644,025,15.0588,,,-
B3_累积事件数,2.1492,025,16.4706,,,-
B3_累积事件数,2.3514,025,18.1176,,,-
B3_累积事件数,2.5726,025,19.7647,,,-
B3_累积事件数,2.8147,025,21.6471,,,-
B3_累积事件数,3.0795,025,23.7647,,,-
B3_累积事件数,3.3692,025,26.1176,,,-
B3_累积事件数,3.6861,025,28.4706,,,-
B3_累积事件数,4.0329,025,31.2941,,,-
B3_累积事件数,4.4123,025,34.1176,,,-
B3_累积事件数,4.8274,025,37.4118,,,-
B3_累积事件数,5.2816,025,40.9412,,,-
B3_累积事件数,5.7785,025,44.7059,,,-
B3_累积事件数,6.3221,025,48.9412,,,-
B3_累积事件数,6.9169,025,53.6471,,,-
B3_累积事件数,7.5676,025,58.5882,,,-
B3_累积事件数,8.2795,025,64.2353,,,-
B3_累积事件数,9.0585,025,70.1176,,,-
B3_累积事件数,9.9107,025,76.9412,,,-
B3_累积事件数,10.8430,025,84.0000,,,-
B3_累积事件数,11.8631,025,92.0000,,,-
B3_累积事件数,12.9792,025,,,,C
B3_累积事件数,14.2002,025,,,,C
B3_累积事件数,15.5362,025,,,,C
B3_累积事件数,16.9978,025,,,,C
B3_累积事件数,18.5969,025,,,,C
B3_累积事件数,20.3464,025,,,,C
B3_累积事件数,22.2606,025,,,,C
B3_累积事件数,24.3548,025,,,,C
B3_累积事件数,26.6460,025,,,,C
B3_累积事件数,29.1528,025,,,,C
B3_累积事件数,31.8955,025,,,,C
B3_累积事件数,34.8961,025,,,,C
B3_累积事件数,38.1791,025,,,,C
B3_累积事件数,41.7709,025,,,,C
B3_累积事件数,45.7006,025,,,,C
B3_累积事件数,50.0000,025,,,,C
ours_off_blk,0.2000,025,10.5882,,,-
ours_off_blk,0.2100,025,10.5882,,,-
ours_off_blk,0.2200,025,11.0588,,,-
ours_off_blk,0.2300,025,11.0588,,,-
ours_off_blk,0.2400,025,11.0588,,,-
ours_off_blk,0.2500,025,11.2941,,,-
ours_off_blk,0.2600,025,11.2941,,,-
ours_off_blk,0.2700,025,11.2941,,,-
ours_off_blk,0.2800,025,21.4118,,,-
ours_off_blk,0.2900,025,21.4118,,,-
ours_off_blk,0.3000,025,21.4118,,,-
ours_off_blk,0.3100,025,21.4118,,,-
ours_off_blk,0.3200,025,21.4118,,,-
ours_off_blk,0.3300,025,21.4118,,,-
ours_off_blk,0.3400,025,21.4118,,,-
ours_off_blk,0.3500,025,21.4118,,,-
ours_off_blk,0.3600,025,21.4118,,,-
ours_off_blk,0.3700,025,21.4118,,,-
ours_off_blk,0.3800,025,21.4118,,,-
ours_off_blk,0.3900,025,21.4118,,,-
ours_off_blk,0.4000,025,21.4118,,,-
ours_off_blk,0.4100,025,21.4118,,,-
ours_off_blk,0.4200,025,21.4118,,,-
ours_off_blk,0.4300,025,21.4118,,,-
ours_off_blk,0.4400,025,21.4118,,,-
ours_off_blk,0.4500,025,21.4118,,,-
ours_off_blk,0.4600,025,23.0588,,,-
ours_off_blk,0.4700,025,25.1765,,,-
ours_off_blk,0.4800,025,25.1765,,,-
ours_off_blk,0.4900,025,25.1765,,,-
ours_off_blk,0.5000,025,25.1765,,,-
ours_off_blk,0.5100,025,25.1765,,,-
ours_off_blk,0.5200,025,25.1765,,,-
ours_off_blk,0.5300,025,62.1176,,,-
ours_off_blk,0.5400,025,62.1176,,,-
ours_off_blk,0.5500,025,62.1176,,,-
ours_off_blk,0.5600,025,74.3529,,,-
ours_off_blk,0.5700,025,74.3529,,,-
ours_off_blk,0.5800,025,74.5882,,,-
ours_off_blk,0.5900,025,74.5882,,,-
ours_off_blk,0.6000,025,99.7647,,,-
ours_off_blk,0.6100,025,99.7647,,,-
ours_off_blk,0.6200,025,99.7647,,,-
ours_off_blk,0.6300,025,99.7647,,,-
ours_off_blk,0.6400,025,99.7647,,,-
ours_off_blk,0.6500,025,99.7647,,,-
ours_off_blk,0.6600,025,99.7647,,,-
ours_off_blk,0.6700,025,99.7647,,,-
ours_off_blk,0.6800,025,99.7647,,,-
ours_off_blk,0.6900,025,99.7647,,,-
ours_off_blk,0.7000,025,99.7647,,,-
ours_off_blk,0.7100,025,99.7647,,,-
ours_off_blk,0.7200,025,99.7647,,,-
ours_off_blk,0.7300,025,99.7647,,,-
ours_off_blk,0.7400,025,99.7647,,,-
ours_off_blk,0.7500,025,99.7647,,,-
ours_off_blk,0.7600,025,99.7647,,,-
ours_off_blk,0.7700,025,99.7647,,,-
ours_off_blk,0.7800,025,99.7647,,,-
ours_off_blk,0.7900,025,99.7647,,,-
ours_off_blk,0.8000,025,99.7647,,,-
ours_off_blk,0.8100,025,99.7647,,,-
ours_off_blk,0.8200,025,99.7647,,,-
ours_off_blk,0.8300,025,,,,C
ours_off_blk,0.8400,025,,,,C
ours_off_blk,0.8500,025,,,,C
ours_off_blk,0.8600,025,,,,C
ours_off_blk,0.8700,025,,,,C
ours_off_blk,0.8800,025,,,,C
ours_off_blk,0.8900,025,,,,C
ours_off_blk,0.9000,025,,,,C
ours_off_blk,0.9100,025,,,,C
ours_off_blk,0.9200,025,,,,C
ours_off_blk,0.9300,025,,,,C
ours_off_blk,0.9400,025,,,,C
ours_off_blk,0.9500,025,,,,C
ours_ae_blk,0.2000,025,62.3529,,,-
ours_ae_blk,0.2100,025,62.5882,,,-
ours_ae_blk,0.2200,025,66.5882,,,-
ours_ae_blk,0.2300,025,66.8235,,,-
ours_ae_blk,0.2400,025,67.0588,,,-
ours_ae_blk,0.2500,025,67.2941,,,-
ours_ae_blk,0.2600,025,67.2941,,,-
ours_ae_blk,0.2700,025,67.5294,,,-
ours_ae_blk,0.2800,025,67.5294,,,-
ours_ae_blk,0.2900,025,67.7647,,,-
ours_ae_blk,0.3000,025,67.7647,,,-
ours_ae_blk,0.3100,025,67.7647,,,-
ours_ae_blk,0.3200,025,67.7647,,,-
ours_ae_blk,0.3300,025,67.7647,,,-
ours_ae_blk,0.3400,025,67.7647,,,-
ours_ae_blk,0.3500,025,67.7647,,,-
ours_ae_blk,0.3600,025,67.7647,,,-
ours_ae_blk,0.3700,025,67.7647,,,-
ours_ae_blk,0.3800,025,67.7647,,,-
ours_ae_blk,0.3900,025,94.1176,,,-
ours_ae_blk,0.4000,025,94.1176,,,-
ours_ae_blk,0.4100,025,94.1176,,,-
ours_ae_blk,0.4200,025,94.1176,,,-
ours_ae_blk,0.4300,025,94.1176,,,-
ours_ae_blk,0.4400,025,94.3529,,,-
ours_ae_blk,0.4500,025,94.3529,,,-
ours_ae_blk,0.4600,025,94.3529,,,-
ours_ae_blk,0.4700,025,94.3529,,,-
ours_ae_blk,0.4800,025,94.3529,,,-
ours_ae_blk,0.4900,025,94.3529,,,-
ours_ae_blk,0.5000,025,96.7059,,,-
ours_ae_blk,0.5100,025,96.7059,,,-
ours_ae_blk,0.5200,025,97.4118,,,-
ours_ae_blk,0.5300,025,97.4118,,,-
ours_ae_blk,0.5400,025,97.4118,,,-
ours_ae_blk,0.5500,025,98.3529,,,-
ours_ae_blk,0.5600,025,98.3529,,,-
ours_ae_blk,0.5700,025,98.5882,,,-
ours_ae_blk,0.5800,025,98.5882,,,-
ours_ae_blk,0.5900,025,99.0588,,,-
ours_ae_blk,0.6000,025,99.7647,,,-
ours_ae_blk,0.6100,025,99.7647,,,-
ours_ae_blk,0.6200,025,99.7647,,,-
ours_ae_blk,0.6300,025,99.7647,,,-
ours_ae_blk,0.6400,025,99.7647,,,-
ours_ae_blk,0.6500,025,99.7647,,,-
ours_ae_blk,0.6600,025,99.7647,,,-
ours_ae_blk,0.6700,025,99.7647,,,-
ours_ae_blk,0.6800,025,99.7647,,,-
ours_ae_blk,0.6900,025,99.7647,,,-
ours_ae_blk,0.7000,025,99.7647,,,-
ours_ae_blk,0.7100,025,99.7647,,,-
ours_ae_blk,0.7200,025,99.7647,,,-
ours_ae_blk,0.7300,025,99.7647,,,-
ours_ae_blk,0.7400,025,99.7647,,,-
ours_ae_blk,0.7500,025,99.7647,,,-
ours_ae_blk,0.7600,025,99.7647,,,-
ours_ae_blk,0.7700,025,99.7647,,,-
ours_ae_blk,0.7800,025,99.7647,,,-
ours_ae_blk,0.7900,025,99.7647,,,-
ours_ae_blk,0.8000,025,99.7647,,,-
ours_ae_blk,0.8100,025,99.7647,,,-
ours_ae_blk,0.8200,025,99.7647,,,-
ours_ae_blk,0.8300,025,,,,C
ours_ae_blk,0.8400,025,,,,C
ours_ae_blk,0.8500,025,,,,C
ours_ae_blk,0.8600,025,,,,C
ours_ae_blk,0.8700,025,,,,C
ours_ae_blk,0.8800,025,,,,C
ours_ae_blk,0.8900,025,,,,C
ours_ae_blk,0.9000,025,,,,C
ours_ae_blk,0.9100,025,,,,C
ours_ae_blk,0.9200,025,,,,C
ours_ae_blk,0.9300,025,,,,C
ours_ae_blk,0.9400,025,,,,C
ours_ae_blk,0.9500,025,,,,C
ours_off_pt,,025,21.6403,,,-
ours_ae_pt,,025,67.9797,,,-
B1_累积能量,1.5000,026,,,,C
B1_累积能量,1.6411,026,,,,C
B1_累积能量,1.7955,026,,,,C
B1_累积能量,1.9644,026,,,,C
B1_累积能量,2.1492,026,,,,C
B1_累积能量,2.3514,026,,,,C
B1_累积能量,2.5726,026,,,,C
B1_累积能量,2.8147,026,,,,C
B1_累积能量,3.0795,026,,,,C
B1_累积能量,3.3692,026,,,,C
B1_累积能量,3.6861,026,,,,C
B1_累积能量,4.0329,026,,,,C
B1_累积能量,4.4123,026,,,,C
B1_累积能量,4.8274,026,,,,C
B1_累积能量,5.2816,026,,,,C
B1_累积能量,5.7785,026,,,,C
B1_累积能量,6.3221,026,,,,C
B1_累积能量,6.9169,026,,,,C
B1_累积能量,7.5676,026,,,,C
B1_累积能量,8.2795,026,,,,C
B1_累积能量,9.0585,026,,,,C
B1_累积能量,9.9107,026,,,,C
B1_累积能量,10.8430,026,,,,C
B1_累积能量,11.8631,026,,,,C
B1_累积能量,12.9792,026,,,,C
B1_累积能量,14.2002,026,,,,C
B1_累积能量,15.5362,026,,,,C
B1_累积能量,16.9978,026,,,,C
B1_累积能量,18.5969,026,,,,C
B1_累积能量,20.3464,026,,,,C
B1_累积能量,22.2606,026,,,,C
B1_累积能量,24.3548,026,,,,C
B1_累积能量,26.6460,026,,,,C
B1_累积能量,29.1528,026,,,,C
B1_累积能量,31.8955,026,,,,C
B1_累积能量,34.8961,026,,,,C
B1_累积能量,38.1791,026,,,,C
B1_累积能量,41.7709,026,,,,C
B1_累积能量,45.7006,026,,,,C
B1_累积能量,50.0000,026,,,,C
B2_块能量EWMA,1.5000,026,0.0000,,,-
B2_块能量EWMA,1.7005,026,0.0000,,,-
B2_块能量EWMA,1.9278,026,0.0000,,,-
B2_块能量EWMA,2.1855,026,0.0000,,,-
B2_块能量EWMA,2.4776,026,0.0000,,,-
B2_块能量EWMA,2.8088,026,0.0000,,,-
B2_块能量EWMA,3.1842,026,0.0000,,,-
B2_块能量EWMA,3.6099,026,0.0000,,,-
B2_块能量EWMA,4.0924,026,0.0000,,,-
B2_块能量EWMA,4.6394,026,0.0000,,,-
B2_块能量EWMA,5.2595,026,0.0000,,,-
B2_块能量EWMA,5.9626,026,0.0000,,,-
B2_块能量EWMA,6.7596,026,0.0000,,,-
B2_块能量EWMA,7.6631,026,0.0000,,,-
B2_块能量EWMA,8.6874,026,0.0000,,,-
B2_块能量EWMA,9.8486,026,0.0000,,,-
B2_块能量EWMA,11.1651,026,0.0000,,,-
B2_块能量EWMA,12.6575,026,0.0000,,,-
B2_块能量EWMA,14.3493,026,0.0000,,,-
B2_块能量EWMA,16.2674,026,0.0000,,,-
B2_块能量EWMA,18.4418,026,0.0000,,,-
B2_块能量EWMA,20.9069,026,0.0000,,,-
B2_块能量EWMA,23.7014,026,0.0000,,,-
B2_块能量EWMA,26.8695,026,0.0000,,,-
B2_块能量EWMA,30.4611,026,0.0000,,,-
B2_块能量EWMA,34.5328,026,0.0000,,,-
B2_块能量EWMA,39.1487,026,0.0000,,,-
B2_块能量EWMA,44.3816,026,0.0000,,,-
B2_块能量EWMA,50.3139,026,0.0000,,,-
B2_块能量EWMA,57.0393,026,0.0000,,,-
B2_块能量EWMA,64.6635,026,0.0000,,,-
B2_块能量EWMA,73.3069,026,0.0000,,,-
B2_块能量EWMA,83.1057,026,0.0000,,,-
B2_块能量EWMA,94.2142,026,0.0000,,,-
B2_块能量EWMA,106.8075,026,0.0000,,,-
B2_块能量EWMA,121.0842,026,0.0000,,,-
B2_块能量EWMA,137.2692,026,0.0000,,,-
B2_块能量EWMA,155.6176,026,0.0000,,,-
B2_块能量EWMA,176.4186,026,0.0000,,,-
B2_块能量EWMA,200.0000,026,0.0000,,,-
B3_累积事件数,1.5000,026,13.3880,,,-
B3_累积事件数,1.6411,026,14.7541,,,-
B3_累积事件数,1.7955,026,16.1202,,,-
B3_累积事件数,1.9644,026,17.4863,,,-
B3_累积事件数,2.1492,026,19.1257,,,-
B3_累积事件数,2.3514,026,21.0383,,,-
B3_累积事件数,2.5726,026,22.9508,,,-
B3_累积事件数,2.8147,026,25.1366,,,-
B3_累积事件数,3.0795,026,27.5956,,,-
B3_累积事件数,3.3692,026,30.3279,,,-
B3_累积事件数,3.6861,026,33.0601,,,-
B3_累积事件数,4.0329,026,36.3388,,,-
B3_累积事件数,4.4123,026,39.6175,,,-
B3_累积事件数,4.8274,026,43.4426,,,-
B3_累积事件数,5.2816,026,47.5410,,,-
B3_累积事件数,5.7785,026,51.9126,,,-
B3_累积事件数,6.3221,026,56.8306,,,-
B3_累积事件数,6.9169,026,62.2951,,,-
B3_累积事件数,7.5676,026,68.0328,,,-
B3_累积事件数,8.2795,026,74.5902,,,-
B3_累积事件数,9.0585,026,81.4208,,,-
B3_累积事件数,9.9107,026,89.3443,,,-
B3_累积事件数,10.8430,026,97.5410,,,-
B3_累积事件数,11.8631,026,,,,C
B3_累积事件数,12.9792,026,,,,C
B3_累积事件数,14.2002,026,,,,C
B3_累积事件数,15.5362,026,,,,C
B3_累积事件数,16.9978,026,,,,C
B3_累积事件数,18.5969,026,,,,C
B3_累积事件数,20.3464,026,,,,C
B3_累积事件数,22.2606,026,,,,C
B3_累积事件数,24.3548,026,,,,C
B3_累积事件数,26.6460,026,,,,C
B3_累积事件数,29.1528,026,,,,C
B3_累积事件数,31.8955,026,,,,C
B3_累积事件数,34.8961,026,,,,C
B3_累积事件数,38.1791,026,,,,C
B3_累积事件数,41.7709,026,,,,C
B3_累积事件数,45.7006,026,,,,C
B3_累积事件数,50.0000,026,,,,C
ours_off_blk,0.2000,026,13.6612,,,-
ours_off_blk,0.2100,026,13.6612,,,-
ours_off_blk,0.2200,026,13.6612,,,-
ours_off_blk,0.2300,026,13.6612,,,-
ours_off_blk,0.2400,026,13.6612,,,-
ours_off_blk,0.2500,026,13.6612,,,-
ours_off_blk,0.2600,026,13.9344,,,-
ours_off_blk,0.2700,026,13.9344,,,-
ours_off_blk,0.2800,026,13.9344,,,-
ours_off_blk,0.2900,026,13.9344,,,-
ours_off_blk,0.3000,026,13.9344,,,-
ours_off_blk,0.3100,026,13.9344,,,-
ours_off_blk,0.3200,026,13.9344,,,-
ours_off_blk,0.3300,026,13.9344,,,-
ours_off_blk,0.3400,026,13.9344,,,-
ours_off_blk,0.3500,026,13.9344,,,-
ours_off_blk,0.3600,026,13.9344,,,-
ours_off_blk,0.3700,026,13.9344,,,-
ours_off_blk,0.3800,026,13.9344,,,-
ours_off_blk,0.3900,026,13.9344,,,-
ours_off_blk,0.4000,026,13.9344,,,-
ours_off_blk,0.4100,026,13.9344,,,-
ours_off_blk,0.4200,026,13.9344,,,-
ours_off_blk,0.4300,026,13.9344,,,-
ours_off_blk,0.4400,026,13.9344,,,-
ours_off_blk,0.4500,026,13.9344,,,-
ours_off_blk,0.4600,026,13.9344,,,-
ours_off_blk,0.4700,026,13.9344,,,-
ours_off_blk,0.4800,026,13.9344,,,-
ours_off_blk,0.4900,026,13.9344,,,-
ours_off_blk,0.5000,026,13.9344,,,-
ours_off_blk,0.5100,026,13.9344,,,-
ours_off_blk,0.5200,026,13.9344,,,-
ours_off_blk,0.5300,026,13.9344,,,-
ours_off_blk,0.5400,026,13.9344,,,-
ours_off_blk,0.5500,026,13.9344,,,-
ours_off_blk,0.5600,026,13.9344,,,-
ours_off_blk,0.5700,026,13.9344,,,-
ours_off_blk,0.5800,026,13.9344,,,-
ours_off_blk,0.5900,026,13.9344,,,-
ours_off_blk,0.6000,026,13.9344,,,-
ours_off_blk,0.6100,026,13.9344,,,-
ours_off_blk,0.6200,026,13.9344,,,-
ours_off_blk,0.6300,026,13.9344,,,-
ours_off_blk,0.6400,026,13.9344,,,-
ours_off_blk,0.6500,026,13.9344,,,-
ours_off_blk,0.6600,026,13.9344,,,-
ours_off_blk,0.6700,026,13.9344,,,-
ours_off_blk,0.6800,026,14.2077,,,-
ours_off_blk,0.6900,026,14.2077,,,-
ours_off_blk,0.7000,026,14.2077,,,-
ours_off_blk,0.7100,026,14.2077,,,-
ours_off_blk,0.7200,026,14.2077,,,-
ours_off_blk,0.7300,026,14.2077,,,-
ours_off_blk,0.7400,026,14.2077,,,-
ours_off_blk,0.7500,026,14.2077,,,-
ours_off_blk,0.7600,026,14.2077,,,-
ours_off_blk,0.7700,026,14.2077,,,-
ours_off_blk,0.7800,026,14.2077,,,-
ours_off_blk,0.7900,026,14.2077,,,-
ours_off_blk,0.8000,026,14.2077,,,-
ours_off_blk,0.8100,026,14.2077,,,-
ours_off_blk,0.8200,026,14.2077,,,-
ours_off_blk,0.8300,026,14.2077,,,-
ours_off_blk,0.8400,026,14.2077,,,-
ours_off_blk,0.8500,026,14.2077,,,-
ours_off_blk,0.8600,026,,,,C
ours_off_blk,0.8700,026,,,,C
ours_off_blk,0.8800,026,,,,C
ours_off_blk,0.8900,026,,,,C
ours_off_blk,0.9000,026,,,,C
ours_off_blk,0.9100,026,,,,C
ours_off_blk,0.9200,026,,,,C
ours_off_blk,0.9300,026,,,,C
ours_off_blk,0.9400,026,,,,C
ours_off_blk,0.9500,026,,,,C
ours_ae_blk,0.2000,026,13.6612,,,-
ours_ae_blk,0.2100,026,13.6612,,,-
ours_ae_blk,0.2200,026,13.6612,,,-
ours_ae_blk,0.2300,026,13.9344,,,-
ours_ae_blk,0.2400,026,13.9344,,,-
ours_ae_blk,0.2500,026,13.9344,,,-
ours_ae_blk,0.2600,026,13.9344,,,-
ours_ae_blk,0.2700,026,13.9344,,,-
ours_ae_blk,0.2800,026,13.9344,,,-
ours_ae_blk,0.2900,026,13.9344,,,-
ours_ae_blk,0.3000,026,13.9344,,,-
ours_ae_blk,0.3100,026,13.9344,,,-
ours_ae_blk,0.3200,026,14.2077,,,-
ours_ae_blk,0.3300,026,14.2077,,,-
ours_ae_blk,0.3400,026,14.2077,,,-
ours_ae_blk,0.3500,026,14.2077,,,-
ours_ae_blk,0.3600,026,14.2077,,,-
ours_ae_blk,0.3700,026,14.2077,,,-
ours_ae_blk,0.3800,026,14.2077,,,-
ours_ae_blk,0.3900,026,14.2077,,,-
ours_ae_blk,0.4000,026,14.2077,,,-
ours_ae_blk,0.4100,026,14.2077,,,-
ours_ae_blk,0.4200,026,14.2077,,,-
ours_ae_blk,0.4300,026,14.2077,,,-
ours_ae_blk,0.4400,026,14.2077,,,-
ours_ae_blk,0.4500,026,14.2077,,,-
ours_ae_blk,0.4600,026,14.2077,,,-
ours_ae_blk,0.4700,026,14.2077,,,-
ours_ae_blk,0.4800,026,14.2077,,,-
ours_ae_blk,0.4900,026,14.2077,,,-
ours_ae_blk,0.5000,026,14.2077,,,-
ours_ae_blk,0.5100,026,14.2077,,,-
ours_ae_blk,0.5200,026,14.2077,,,-
ours_ae_blk,0.5300,026,14.2077,,,-
ours_ae_blk,0.5400,026,14.2077,,,-
ours_ae_blk,0.5500,026,14.2077,,,-
ours_ae_blk,0.5600,026,14.2077,,,-
ours_ae_blk,0.5700,026,14.2077,,,-
ours_ae_blk,0.5800,026,14.2077,,,-
ours_ae_blk,0.5900,026,14.2077,,,-
ours_ae_blk,0.6000,026,14.2077,,,-
ours_ae_blk,0.6100,026,14.2077,,,-
ours_ae_blk,0.6200,026,14.2077,,,-
ours_ae_blk,0.6300,026,14.2077,,,-
ours_ae_blk,0.6400,026,14.2077,,,-
ours_ae_blk,0.6500,026,14.2077,,,-
ours_ae_blk,0.6600,026,14.2077,,,-
ours_ae_blk,0.6700,026,14.2077,,,-
ours_ae_blk,0.6800,026,14.2077,,,-
ours_ae_blk,0.6900,026,14.2077,,,-
ours_ae_blk,0.7000,026,14.2077,,,-
ours_ae_blk,0.7100,026,,,,C
ours_ae_blk,0.7200,026,,,,C
ours_ae_blk,0.7300,026,,,,C
ours_ae_blk,0.7400,026,,,,C
ours_ae_blk,0.7500,026,,,,C
ours_ae_blk,0.7600,026,,,,C
ours_ae_blk,0.7700,026,,,,C
ours_ae_blk,0.7800,026,,,,C
ours_ae_blk,0.7900,026,,,,C
ours_ae_blk,0.8000,026,,,,C
ours_ae_blk,0.8100,026,,,,C
ours_ae_blk,0.8200,026,,,,C
ours_ae_blk,0.8300,026,,,,C
ours_ae_blk,0.8400,026,,,,C
ours_ae_blk,0.8500,026,,,,C
ours_ae_blk,0.8600,026,,,,C
ours_ae_blk,0.8700,026,,,,C
ours_ae_blk,0.8800,026,,,,C
ours_ae_blk,0.8900,026,,,,C
ours_ae_blk,0.9000,026,,,,C
ours_ae_blk,0.9100,026,,,,C
ours_ae_blk,0.9200,026,,,,C
ours_ae_blk,0.9300,026,,,,C
ours_ae_blk,0.9400,026,,,,C
ours_ae_blk,0.9500,026,,,,C
ours_off_pt,,026,14.2030,,,-
ours_ae_pt,,026,14.2030,,,-
B4raw,0.3000,016,82.0000,38.2000,17.0000,D
B4raw,0.3200,016,82.0000,38.2000,17.0000,D
B4raw,0.3400,016,82.0000,38.2000,17.0000,D
B4raw,0.3600,016,93.0000,49.2000,6.0000,D
B4raw,0.3800,016,93.0000,49.2000,6.0000,D
B4raw,0.4000,016,93.0000,49.2000,6.0000,D
B4raw,0.4200,016,93.0000,49.2000,6.0000,D
B4raw,0.4400,016,93.0000,49.2000,6.0000,D
B4raw,0.4600,016,93.0000,49.2000,6.0000,D
B4raw,0.4800,016,,,,C
B4raw,0.5000,016,,,,C
B4raw,0.5200,016,,,,C
B4raw,0.5400,016,,,,C
B4raw,0.5600,016,,,,C
B4raw,0.5800,016,,,,C
B4raw,0.6000,016,,,,C
B4raw,0.6200,016,,,,C
B4raw,0.6400,016,,,,C
B4raw,0.6600,016,,,,C
B4raw,0.6800,016,,,,C
B4raw,0.7000,016,,,,C
B4raw,0.7200,016,,,,C
B4raw,0.7400,016,,,,C
B4raw,0.7600,016,,,,C
B4raw,0.7800,016,,,,C
B4raw,0.8000,016,,,,C
B4raw,0.8200,016,,,,C
B4raw,0.8400,016,,,,C
B4raw,0.8600,016,,,,C
B4raw,0.8800,016,,,,C
B4raw,0.9000,016,,,,C
B4raw,0.9200,016,,,,C
B4raw,0.9400,016,,,,C
B4raw,0.9600,016,,,,C
B4raw,0.9800,016,,,,C
B4raw,0.3000,017,,,,C
B4raw,0.3200,017,,,,C
B4raw,0.3400,017,,,,C
B4raw,0.3600,017,,,,C
B4raw,0.3800,017,,,,C
B4raw,0.4000,017,,,,C
B4raw,0.4200,017,,,,C
B4raw,0.4400,017,,,,C
B4raw,0.4600,017,,,,C
B4raw,0.4800,017,,,,C
B4raw,0.5000,017,,,,C
B4raw,0.5200,017,,,,C
B4raw,0.5400,017,,,,C
B4raw,0.5600,017,,,,C
B4raw,0.5800,017,,,,C
B4raw,0.6000,017,,,,C
B4raw,0.6200,017,,,,C
B4raw,0.6400,017,,,,C
B4raw,0.6600,017,,,,C
B4raw,0.6800,017,,,,C
B4raw,0.7000,017,,,,C
B4raw,0.7200,017,,,,C
B4raw,0.7400,017,,,,C
B4raw,0.7600,017,,,,C
B4raw,0.7800,017,,,,C
B4raw,0.8000,017,,,,C
B4raw,0.8200,017,,,,C
B4raw,0.8400,017,,,,C
B4raw,0.8600,017,,,,C
B4raw,0.8800,017,,,,C
B4raw,0.9000,017,,,,C
B4raw,0.9200,017,,,,C
B4raw,0.9400,017,,,,C
B4raw,0.9600,017,,,,C
B4raw,0.9800,017,,,,C
B4raw,0.3000,018,98.5714,28.8714,0.4286,D
B4raw,0.3200,018,98.5714,28.8714,0.4286,D
B4raw,0.3400,018,98.5714,28.8714,0.4286,D
B4raw,0.3600,018,98.5714,28.8714,0.4286,D
B4raw,0.3800,018,98.5714,28.8714,0.4286,D
B4raw,0.4000,018,98.5714,28.8714,0.4286,D
B4raw,0.4200,018,98.5714,28.8714,0.4286,D
B4raw,0.4400,018,98.5714,28.8714,0.4286,D
B4raw,0.4600,018,98.5714,28.8714,0.4286,D
B4raw,0.4800,018,98.5714,28.8714,0.4286,D
B4raw,0.5000,018,,,,C
B4raw,0.5200,018,,,,C
B4raw,0.5400,018,,,,C
B4raw,0.5600,018,,,,C
B4raw,0.5800,018,,,,C
B4raw,0.6000,018,,,,C
B4raw,0.6200,018,,,,C
B4raw,0.6400,018,,,,C
B4raw,0.6600,018,,,,C
B4raw,0.6800,018,,,,C
B4raw,0.7000,018,,,,C
B4raw,0.7200,018,,,,C
B4raw,0.7400,018,,,,C
B4raw,0.7600,018,,,,C
B4raw,0.7800,018,,,,C
B4raw,0.8000,018,,,,C
B4raw,0.8200,018,,,,C
B4raw,0.8400,018,,,,C
B4raw,0.8600,018,,,,C
B4raw,0.8800,018,,,,C
B4raw,0.9000,018,,,,C
B4raw,0.9200,018,,,,C
B4raw,0.9400,018,,,,C
B4raw,0.9600,018,,,,C
B4raw,0.9800,018,,,,C
B4raw,0.3000,019,11.3924,-65.6076,87.6076,E
B4raw,0.3200,019,11.3924,-65.6076,87.6076,E
B4raw,0.3400,019,11.3924,-65.6076,87.6076,E
B4raw,0.3600,019,11.3924,-65.6076,87.6076,E
B4raw,0.3800,019,11.3924,-65.6076,87.6076,E
B4raw,0.4000,019,11.3924,-65.6076,87.6076,E
B4raw,0.4200,019,11.3924,-65.6076,87.6076,E
B4raw,0.4400,019,11.3924,-65.6076,87.6076,E
B4raw,0.4600,019,11.3924,-65.6076,87.6076,E
B4raw,0.4800,019,12.6582,-64.3418,86.3418,E
B4raw,0.5000,019,12.6582,-64.3418,86.3418,E
B4raw,0.5200,019,12.6582,-64.3418,86.3418,E
B4raw,0.5400,019,12.6582,-64.3418,86.3418,E
B4raw,0.5600,019,13.9241,-63.0759,85.0759,E
B4raw,0.5800,019,13.9241,-63.0759,85.0759,E
B4raw,0.6000,019,13.9241,-63.0759,85.0759,E
B4raw,0.6200,019,13.9241,-63.0759,85.0759,E
B4raw,0.6400,019,13.9241,-63.0759,85.0759,E
B4raw,0.6600,019,15.1899,-61.8101,83.8101,E
B4raw,0.6800,019,15.1899,-61.8101,83.8101,E
B4raw,0.7000,019,15.1899,-61.8101,83.8101,E
B4raw,0.7200,019,15.1899,-61.8101,83.8101,E
B4raw,0.7400,019,78.4810,1.4810,20.5190,A
B4raw,0.7600,019,79.7468,2.7468,19.2532,A
B4raw,0.7800,019,79.7468,2.7468,19.2532,A
B4raw,0.8000,019,79.7468,2.7468,19.2532,A
B4raw,0.8200,019,79.7468,2.7468,19.2532,A
B4raw,0.8400,019,81.0127,4.0127,17.9873,A
B4raw,0.8600,019,81.0127,4.0127,17.9873,A
B4raw,0.8800,019,81.0127,4.0127,17.9873,A
B4raw,0.9000,019,82.2785,5.2785,16.7215,A
B4raw,0.9200,019,83.5443,6.5443,15.4557,A
B4raw,0.9400,019,83.5443,6.5443,15.4557,A
B4raw,0.9600,019,86.0759,9.0759,12.9241,A
B4raw,0.9800,019,88.6076,11.6076,10.3924,A
B4raw,0.3000,020,2.5641,-67.6359,96.4359,E
B4raw,0.3200,020,,,,C
B4raw,0.3400,020,,,,C
B4raw,0.3600,020,,,,C
B4raw,0.3800,020,,,,C
B4raw,0.4000,020,,,,C
B4raw,0.4200,020,,,,C
B4raw,0.4400,020,,,,C
B4raw,0.4600,020,,,,C
B4raw,0.4800,020,,,,C
B4raw,0.5000,020,,,,C
B4raw,0.5200,020,,,,C
B4raw,0.5400,020,,,,C
B4raw,0.5600,020,,,,C
B4raw,0.5800,020,,,,C
B4raw,0.6000,020,,,,C
B4raw,0.6200,020,,,,C
B4raw,0.6400,020,,,,C
B4raw,0.6600,020,,,,C
B4raw,0.6800,020,,,,C
B4raw,0.7000,020,,,,C
B4raw,0.7200,020,,,,C
B4raw,0.7400,020,,,,C
B4raw,0.7600,020,,,,C
B4raw,0.7800,020,,,,C
B4raw,0.8000,020,,,,C
B4raw,0.8200,020,,,,C
B4raw,0.8400,020,,,,C
B4raw,0.8600,020,,,,C
B4raw,0.8800,020,,,,C
B4raw,0.9000,020,,,,C
B4raw,0.9200,020,,,,C
B4raw,0.9400,020,,,,C
B4raw,0.9600,020,,,,C
B4raw,0.9800,020,,,,C
B4raw,0.3000,021,,,,C
B4raw,0.3200,021,,,,C
B4raw,0.3400,021,,,,C
B4raw,0.3600,021,,,,C
B4raw,0.3800,021,,,,C
B4raw,0.4000,021,,,,C
B4raw,0.4200,021,,,,C
B4raw,0.4400,021,,,,C
B4raw,0.4600,021,,,,C
B4raw,0.4800,021,,,,C
B4raw,0.5000,021,,,,C
B4raw,0.5200,021,,,,C
B4raw,0.5400,021,,,,C
B4raw,0.5600,021,,,,C
B4raw,0.5800,021,,,,C
B4raw,0.6000,021,,,,C
B4raw,0.6200,021,,,,C
B4raw,0.6400,021,,,,C
B4raw,0.6600,021,,,,C
B4raw,0.6800,021,,,,C
B4raw,0.7000,021,,,,C
B4raw,0.7200,021,,,,C
B4raw,0.7400,021,,,,C
B4raw,0.7600,021,,,,C
B4raw,0.7800,021,,,,C
B4raw,0.8000,021,,,,C
B4raw,0.8200,021,,,,C
B4raw,0.8400,021,,,,C
B4raw,0.8600,021,,,,C
B4raw,0.8800,021,,,,C
B4raw,0.9000,021,,,,C
B4raw,0.9200,021,,,,C
B4raw,0.9400,021,,,,C
B4raw,0.9600,021,,,,C
B4raw,0.9800,021,,,,C
B4raw,0.3000,022,,,,C
B4raw,0.3200,022,,,,C
B4raw,0.3400,022,,,,C
B4raw,0.3600,022,,,,C
B4raw,0.3800,022,,,,C
B4raw,0.4000,022,,,,C
B4raw,0.4200,022,,,,C
B4raw,0.4400,022,,,,C
B4raw,0.4600,022,,,,C
B4raw,0.4800,022,,,,C
B4raw,0.5000,022,,,,C
B4raw,0.5200,022,,,,C
B4raw,0.5400,022,,,,C
B4raw,0.5600,022,,,,C
B4raw,0.5800,022,,,,C
B4raw,0.6000,022,,,,C
B4raw,0.6200,022,,,,C
B4raw,0.6400,022,,,,C
B4raw,0.6600,022,,,,C
B4raw,0.6800,022,,,,C
B4raw,0.7000,022,,,,C
B4raw,0.7200,022,,,,C
B4raw,0.7400,022,,,,C
B4raw,0.7600,022,,,,C
B4raw,0.7800,022,,,,C
B4raw,0.8000,022,,,,C
B4raw,0.8200,022,,,,C
B4raw,0.8400,022,,,,C
B4raw,0.8600,022,,,,C
B4raw,0.8800,022,,,,C
B4raw,0.9000,022,,,,C
B4raw,0.9200,022,,,,C
B4raw,0.9400,022,,,,C
B4raw,0.9600,022,,,,C
B4raw,0.9800,022,,,,C
B4raw,0.3000,023,0.8584,,,-
B4raw,0.3200,023,27.4678,,,-
B4raw,0.3400,023,27.4678,,,-
B4raw,0.3600,023,27.4678,,,-
B4raw,0.3800,023,27.4678,,,-
B4raw,0.4000,023,27.4678,,,-
B4raw,0.4200,023,27.4678,,,-
B4raw,0.4400,023,27.6824,,,-
B4raw,0.4600,023,27.6824,,,-
B4raw,0.4800,023,27.6824,,,-
B4raw,0.5000,023,27.6824,,,-
B4raw,0.5200,023,27.6824,,,-
B4raw,0.5400,023,27.6824,,,-
B4raw,0.5600,023,27.6824,,,-
B4raw,0.5800,023,27.6824,,,-
B4raw,0.6000,023,27.6824,,,-
B4raw,0.6200,023,27.8970,,,-
B4raw,0.6400,023,27.8970,,,-
B4raw,0.6600,023,27.8970,,,-
B4raw,0.6800,023,27.8970,,,-
B4raw,0.7000,023,27.8970,,,-
B4raw,0.7200,023,27.8970,,,-
B4raw,0.7400,023,28.1116,,,-
B4raw,0.7600,023,28.1116,,,-
B4raw,0.7800,023,28.1116,,,-
B4raw,0.8000,023,28.1116,,,-
B4raw,0.8200,023,28.3262,,,-
B4raw,0.8400,023,28.3262,,,-
B4raw,0.8600,023,28.3262,,,-
B4raw,0.8800,023,28.5408,,,-
B4raw,0.9000,023,28.5408,,,-
B4raw,0.9200,023,28.7554,,,-
B4raw,0.9400,023,28.9700,,,-
B4raw,0.9600,023,29.1845,,,-
B4raw,0.9800,023,29.6137,,,-
B4raw,0.3000,024,0.4032,,,-
B4raw,0.3200,024,0.4032,,,-
B4raw,0.3400,024,0.4032,,,-
B4raw,0.3600,024,0.4032,,,-
B4raw,0.3800,024,0.4032,,,-
B4raw,0.4000,024,0.4032,,,-
B4raw,0.4200,024,0.4032,,,-
B4raw,0.4400,024,0.8065,,,-
B4raw,0.4600,024,0.8065,,,-
B4raw,0.4800,024,0.8065,,,-
B4raw,0.5000,024,0.8065,,,-
B4raw,0.5200,024,0.8065,,,-
B4raw,0.5400,024,0.8065,,,-
B4raw,0.5600,024,1.2097,,,-
B4raw,0.5800,024,1.2097,,,-
B4raw,0.6000,024,1.2097,,,-
B4raw,0.6200,024,1.2097,,,-
B4raw,0.6400,024,1.6129,,,-
B4raw,0.6600,024,1.6129,,,-
B4raw,0.6800,024,1.6129,,,-
B4raw,0.7000,024,2.0161,,,-
B4raw,0.7200,024,2.0161,,,-
B4raw,0.7400,024,2.4194,,,-
B4raw,0.7600,024,3.6290,,,-
B4raw,0.7800,024,4.0323,,,-
B4raw,0.8000,024,4.0323,,,-
B4raw,0.8200,024,91.5323,,,-
B4raw,0.8400,024,91.5323,,,-
B4raw,0.8600,024,96.3710,,,-
B4raw,0.8800,024,97.1774,,,-
B4raw,0.9000,024,97.5806,,,-
B4raw,0.9200,024,97.5806,,,-
B4raw,0.9400,024,97.9839,,,-
B4raw,0.9600,024,98.3871,,,-
B4raw,0.9800,024,,,,C
B4raw,0.3000,025,0.2353,,,-
B4raw,0.3200,025,0.2353,,,-
B4raw,0.3400,025,0.2353,,,-
B4raw,0.3600,025,0.2353,,,-
B4raw,0.3800,025,0.2353,,,-
B4raw,0.4000,025,0.2353,,,-
B4raw,0.4200,025,0.2353,,,-
B4raw,0.4400,025,0.2353,,,-
B4raw,0.4600,025,0.2353,,,-
B4raw,0.4800,025,0.2353,,,-
B4raw,0.5000,025,0.4706,,,-
B4raw,0.5200,025,0.4706,,,-
B4raw,0.5400,025,0.4706,,,-
B4raw,0.5600,025,0.4706,,,-
B4raw,0.5800,025,0.4706,,,-
B4raw,0.6000,025,0.4706,,,-
B4raw,0.6200,025,0.7059,,,-
B4raw,0.6400,025,0.7059,,,-
B4raw,0.6600,025,0.7059,,,-
B4raw,0.6800,025,0.7059,,,-
B4raw,0.7000,025,0.7059,,,-
B4raw,0.7200,025,0.9412,,,-
B4raw,0.7400,025,0.9412,,,-
B4raw,0.7600,025,0.9412,,,-
B4raw,0.7800,025,1.1765,,,-
B4raw,0.8000,025,1.1765,,,-
B4raw,0.8200,025,1.1765,,,-
B4raw,0.8400,025,1.4118,,,-
B4raw,0.8600,025,1.6471,,,-
B4raw,0.8800,025,2.1176,,,-
B4raw,0.9000,025,7.2941,,,-
B4raw,0.9200,025,7.5294,,,-
B4raw,0.9400,025,99.5294,,,-
B4raw,0.9600,025,99.7647,,,-
B4raw,0.9800,025,,,,C
B4raw,0.3000,026,0.0000,,,-
B4raw,0.3200,026,0.2732,,,-
B4raw,0.3400,026,0.2732,,,-
B4raw,0.3600,026,0.2732,,,-
B4raw,0.3800,026,0.2732,,,-
B4raw,0.4000,026,0.2732,,,-
B4raw,0.4200,026,0.2732,,,-
B4raw,0.4400,026,0.2732,,,-
B4raw,0.4600,026,0.2732,,,-
B4raw,0.4800,026,0.2732,,,-
B4raw,0.5000,026,0.2732,,,-
B4raw,0.5200,026,0.5464,,,-
B4raw,0.5400,026,0.5464,,,-
B4raw,0.5600,026,0.5464,,,-
B4raw,0.5800,026,0.5464,,,-
B4raw,0.6000,026,0.5464,,,-
B4raw,0.6200,026,0.5464,,,-
B4raw,0.6400,026,0.5464,,,-
B4raw,0.6600,026,0.8197,,,-
B4raw,0.6800,026,0.8197,,,-
B4raw,0.7000,026,0.8197,,,-
B4raw,0.7200,026,0.8197,,,-
B4raw,0.7400,026,0.8197,,,-
B4raw,0.7600,026,1.0929,,,-
B4raw,0.7800,026,1.0929,,,-
B4raw,0.8000,026,1.0929,,,-
B4raw,0.8200,026,1.0929,,,-
B4raw,0.8400,026,1.3661,,,-
B4raw,0.8600,026,1.3661,,,-
B4raw,0.8800,026,1.3661,,,-
B4raw,0.9000,026,1.6393,,,-
B4raw,0.9200,026,1.9126,,,-
B4raw,0.9400,026,1.9126,,,-
B4raw,0.9600,026,2.4590,,,-
B4raw,0.9800,026,2.7322,,,-
B4norm,0.3000,016,60.0000,16.2000,39.0000,D
B4norm,0.3200,016,69.0000,25.2000,30.0000,D
B4norm,0.3400,016,69.0000,25.2000,30.0000,D
B4norm,0.3600,016,71.0000,27.2000,28.0000,D
B4norm,0.3800,016,71.0000,27.2000,28.0000,D
B4norm,0.4000,016,72.0000,28.2000,27.0000,D
B4norm,0.4200,016,73.0000,29.2000,26.0000,D
B4norm,0.4400,016,73.0000,29.2000,26.0000,D
B4norm,0.4600,016,73.0000,29.2000,26.0000,D
B4norm,0.4800,016,74.0000,30.2000,25.0000,D
B4norm,0.5000,016,74.0000,30.2000,25.0000,D
B4norm,0.5200,016,75.0000,31.2000,24.0000,D
B4norm,0.5400,016,75.0000,31.2000,24.0000,D
B4norm,0.5600,016,75.0000,31.2000,24.0000,D
B4norm,0.5800,016,75.0000,31.2000,24.0000,D
B4norm,0.6000,016,75.0000,31.2000,24.0000,D
B4norm,0.6200,016,75.0000,31.2000,24.0000,D
B4norm,0.6400,016,77.0000,33.2000,22.0000,D
B4norm,0.6600,016,79.0000,35.2000,20.0000,D
B4norm,0.6800,016,80.0000,36.2000,19.0000,D
B4norm,0.7000,016,80.0000,36.2000,19.0000,D
B4norm,0.7200,016,80.0000,36.2000,19.0000,D
B4norm,0.7400,016,80.0000,36.2000,19.0000,D
B4norm,0.7600,016,80.0000,36.2000,19.0000,D
B4norm,0.7800,016,81.0000,37.2000,18.0000,D
B4norm,0.8000,016,81.0000,37.2000,18.0000,D
B4norm,0.8200,016,81.0000,37.2000,18.0000,D
B4norm,0.8400,016,82.0000,38.2000,17.0000,D
B4norm,0.8600,016,82.0000,38.2000,17.0000,D
B4norm,0.8800,016,82.0000,38.2000,17.0000,D
B4norm,0.9000,016,83.0000,39.2000,16.0000,D
B4norm,0.9200,016,84.0000,40.2000,15.0000,D
B4norm,0.9400,016,85.0000,41.2000,14.0000,D
B4norm,0.9600,016,86.0000,42.2000,13.0000,D
B4norm,0.9800,016,88.0000,44.2000,11.0000,D
B4norm,0.3000,017,2.1739,-80.3261,96.8261,E
B4norm,0.3200,017,2.1739,-80.3261,96.8261,E
B4norm,0.3400,017,2.1739,-80.3261,96.8261,E
B4norm,0.3600,017,2.1739,-80.3261,96.8261,E
B4norm,0.3800,017,3.2609,-79.2391,95.7391,E
B4norm,0.4000,017,83.6957,1.1957,15.3043,A
B4norm,0.4200,017,83.6957,1.1957,15.3043,A
B4norm,0.4400,017,83.6957,1.1957,15.3043,A
B4norm,0.4600,017,83.6957,1.1957,15.3043,A
B4norm,0.4800,017,83.6957,1.1957,15.3043,A
B4norm,0.5000,017,83.6957,1.1957,15.3043,A
B4norm,0.5200,017,83.6957,1.1957,15.3043,A
B4norm,0.5400,017,83.6957,1.1957,15.3043,A
B4norm,0.5600,017,84.7826,2.2826,14.2174,A
B4norm,0.5800,017,84.7826,2.2826,14.2174,A
B4norm,0.6000,017,84.7826,2.2826,14.2174,A
B4norm,0.6200,017,84.7826,2.2826,14.2174,A
B4norm,0.6400,017,84.7826,2.2826,14.2174,A
B4norm,0.6600,017,84.7826,2.2826,14.2174,A
B4norm,0.6800,017,85.8696,3.3696,13.1304,A
B4norm,0.7000,017,85.8696,3.3696,13.1304,A
B4norm,0.7200,017,85.8696,3.3696,13.1304,A
B4norm,0.7400,017,85.8696,3.3696,13.1304,A
B4norm,0.7600,017,85.8696,3.3696,13.1304,A
B4norm,0.7800,017,98.9130,16.4130,0.0870,D
B4norm,0.8000,017,98.9130,16.4130,0.0870,D
B4norm,0.8200,017,,,,C
B4norm,0.8400,017,,,,C
B4norm,0.8600,017,,,,C
B4norm,0.8800,017,,,,C
B4norm,0.9000,017,,,,C
B4norm,0.9200,017,,,,C
B4norm,0.9400,017,,,,C
B4norm,0.9600,017,,,,C
B4norm,0.9800,017,,,,C
B4norm,0.3000,018,87.1429,17.4429,11.8571,D
B4norm,0.3200,018,88.5714,18.8714,10.4286,D
B4norm,0.3400,018,88.5714,18.8714,10.4286,D
B4norm,0.3600,018,88.5714,18.8714,10.4286,D
B4norm,0.3800,018,88.5714,18.8714,10.4286,D
B4norm,0.4000,018,90.0000,20.3000,9.0000,D
B4norm,0.4200,018,90.0000,20.3000,9.0000,D
B4norm,0.4400,018,90.0000,20.3000,9.0000,D
B4norm,0.4600,018,90.0000,20.3000,9.0000,D
B4norm,0.4800,018,90.0000,20.3000,9.0000,D
B4norm,0.5000,018,90.0000,20.3000,9.0000,D
B4norm,0.5200,018,90.0000,20.3000,9.0000,D
B4norm,0.5400,018,91.4286,21.7286,7.5714,D
B4norm,0.5600,018,91.4286,21.7286,7.5714,D
B4norm,0.5800,018,91.4286,21.7286,7.5714,D
B4norm,0.6000,018,91.4286,21.7286,7.5714,D
B4norm,0.6200,018,91.4286,21.7286,7.5714,D
B4norm,0.6400,018,91.4286,21.7286,7.5714,D
B4norm,0.6600,018,92.8571,23.1571,6.1429,D
B4norm,0.6800,018,92.8571,23.1571,6.1429,D
B4norm,0.7000,018,92.8571,23.1571,6.1429,D
B4norm,0.7200,018,92.8571,23.1571,6.1429,D
B4norm,0.7400,018,92.8571,23.1571,6.1429,D
B4norm,0.7600,018,94.2857,24.5857,4.7143,D
B4norm,0.7800,018,94.2857,24.5857,4.7143,D
B4norm,0.8000,018,94.2857,24.5857,4.7143,D
B4norm,0.8200,018,94.2857,24.5857,4.7143,D
B4norm,0.8400,018,95.7143,26.0143,3.2857,D
B4norm,0.8600,018,95.7143,26.0143,3.2857,D
B4norm,0.8800,018,97.1429,27.4429,1.8571,D
B4norm,0.9000,018,97.1429,27.4429,1.8571,D
B4norm,0.9200,018,98.5714,28.8714,0.4286,D
B4norm,0.9400,018,98.5714,28.8714,0.4286,D
B4norm,0.9600,018,,,,C
B4norm,0.9800,018,,,,C
B4norm,0.3000,019,1.2658,-75.7342,97.7342,E
B4norm,0.3200,019,1.2658,-75.7342,97.7342,E
B4norm,0.3400,019,1.2658,-75.7342,97.7342,E
B4norm,0.3600,019,1.2658,-75.7342,97.7342,E
B4norm,0.3800,019,1.2658,-75.7342,97.7342,E
B4norm,0.4000,019,1.2658,-75.7342,97.7342,E
B4norm,0.4200,019,1.2658,-75.7342,97.7342,E
B4norm,0.4400,019,1.2658,-75.7342,97.7342,E
B4norm,0.4600,019,1.2658,-75.7342,97.7342,E
B4norm,0.4800,019,1.2658,-75.7342,97.7342,E
B4norm,0.5000,019,1.2658,-75.7342,97.7342,E
B4norm,0.5200,019,2.5316,-74.4684,96.4684,E
B4norm,0.5400,019,2.5316,-74.4684,96.4684,E
B4norm,0.5600,019,2.5316,-74.4684,96.4684,E
B4norm,0.5800,019,2.5316,-74.4684,96.4684,E
B4norm,0.6000,019,2.5316,-74.4684,96.4684,E
B4norm,0.6200,019,2.5316,-74.4684,96.4684,E
B4norm,0.6400,019,2.5316,-74.4684,96.4684,E
B4norm,0.6600,019,3.7975,-73.2025,95.2025,E
B4norm,0.6800,019,3.7975,-73.2025,95.2025,E
B4norm,0.7000,019,3.7975,-73.2025,95.2025,E
B4norm,0.7200,019,3.7975,-73.2025,95.2025,E
B4norm,0.7400,019,5.0633,-71.9367,93.9367,E
B4norm,0.7600,019,5.0633,-71.9367,93.9367,E
B4norm,0.7800,019,6.3291,-70.6709,92.6709,E
B4norm,0.8000,019,7.5949,-69.4051,91.4051,E
B4norm,0.8200,019,7.5949,-69.4051,91.4051,E
B4norm,0.8400,019,8.8608,-68.1392,90.1392,E
B4norm,0.8600,019,8.8608,-68.1392,90.1392,E
B4norm,0.8800,019,10.1266,-66.8734,88.8734,E
B4norm,0.9000,019,10.1266,-66.8734,88.8734,E
B4norm,0.9200,019,11.3924,-65.6076,87.6076,E
B4norm,0.9400,019,84.8101,7.8101,14.1899,A
B4norm,0.9600,019,86.0759,9.0759,12.9241,A
B4norm,0.9800,019,88.6076,11.6076,10.3924,A
B4norm,0.3000,020,69.2308,-0.9692,29.7692,A
B4norm,0.3200,020,70.0855,-0.1145,28.9145,A
B4norm,0.3400,020,70.0855,-0.1145,28.9145,A
B4norm,0.3600,020,70.0855,-0.1145,28.9145,A
B4norm,0.3800,020,71.7949,1.5949,27.2051,A
B4norm,0.4000,020,71.7949,1.5949,27.2051,A
B4norm,0.4200,020,71.7949,1.5949,27.2051,A
B4norm,0.4400,020,72.6496,2.4496,26.3504,A
B4norm,0.4600,020,72.6496,2.4496,26.3504,A
B4norm,0.4800,020,73.5043,3.3043,25.4957,A
B4norm,0.5000,020,73.5043,3.3043,25.4957,A
B4norm,0.5200,020,74.3590,4.1590,24.6410,A
B4norm,0.5400,020,74.3590,4.1590,24.6410,A
B4norm,0.5600,020,74.3590,4.1590,24.6410,A
B4norm,0.5800,020,74.3590,4.1590,24.6410,A
B4norm,0.6000,020,74.3590,4.1590,24.6410,A
B4norm,0.6200,020,76.0684,5.8684,22.9316,A
B4norm,0.6400,020,76.0684,5.8684,22.9316,A
B4norm,0.6600,020,91.4530,21.2530,7.5470,D
B4norm,0.6800,020,92.3077,22.1077,6.6923,D
B4norm,0.7000,020,92.3077,22.1077,6.6923,D
B4norm,0.7200,020,93.1624,22.9624,5.8376,D
B4norm,0.7400,020,93.1624,22.9624,5.8376,D
B4norm,0.7600,020,94.0171,23.8171,4.9829,D
B4norm,0.7800,020,94.0171,23.8171,4.9829,D
B4norm,0.8000,020,94.8718,24.6718,4.1282,D
B4norm,0.8200,020,94.8718,24.6718,4.1282,D
B4norm,0.8400,020,95.7265,25.5265,3.2735,D
B4norm,0.8600,020,96.5812,26.3812,2.4188,D
B4norm,0.8800,020,97.4359,27.2359,1.5641,D
B4norm,0.9000,020,97.4359,27.2359,1.5641,D
B4norm,0.9200,020,98.2906,28.0906,0.7094,D
B4norm,0.9400,020,,,,C
B4norm,0.9600,020,,,,C
B4norm,0.9800,020,,,,C
B4norm,0.3000,021,,,,C
B4norm,0.3200,021,,,,C
B4norm,0.3400,021,,,,C
B4norm,0.3600,021,,,,C
B4norm,0.3800,021,,,,C
B4norm,0.4000,021,,,,C
B4norm,0.4200,021,,,,C
B4norm,0.4400,021,,,,C
B4norm,0.4600,021,,,,C
B4norm,0.4800,021,,,,C
B4norm,0.5000,021,,,,C
B4norm,0.5200,021,,,,C
B4norm,0.5400,021,,,,C
B4norm,0.5600,021,,,,C
B4norm,0.5800,021,,,,C
B4norm,0.6000,021,,,,C
B4norm,0.6200,021,,,,C
B4norm,0.6400,021,,,,C
B4norm,0.6600,021,,,,C
B4norm,0.6800,021,,,,C
B4norm,0.7000,021,,,,C
B4norm,0.7200,021,,,,C
B4norm,0.7400,021,,,,C
B4norm,0.7600,021,,,,C
B4norm,0.7800,021,,,,C
B4norm,0.8000,021,,,,C
B4norm,0.8200,021,,,,C
B4norm,0.8400,021,,,,C
B4norm,0.8600,021,,,,C
B4norm,0.8800,021,,,,C
B4norm,0.9000,021,,,,C
B4norm,0.9200,021,,,,C
B4norm,0.9400,021,,,,C
B4norm,0.9600,021,,,,C
B4norm,0.9800,021,,,,C
B4norm,0.3000,022,,,,C
B4norm,0.3200,022,,,,C
B4norm,0.3400,022,,,,C
B4norm,0.3600,022,,,,C
B4norm,0.3800,022,,,,C
B4norm,0.4000,022,,,,C
B4norm,0.4200,022,,,,C
B4norm,0.4400,022,,,,C
B4norm,0.4600,022,,,,C
B4norm,0.4800,022,,,,C
B4norm,0.5000,022,,,,C
B4norm,0.5200,022,,,,C
B4norm,0.5400,022,,,,C
B4norm,0.5600,022,,,,C
B4norm,0.5800,022,,,,C
B4norm,0.6000,022,,,,C
B4norm,0.6200,022,,,,C
B4norm,0.6400,022,,,,C
B4norm,0.6600,022,,,,C
B4norm,0.6800,022,,,,C
B4norm,0.7000,022,,,,C
B4norm,0.7200,022,,,,C
B4norm,0.7400,022,,,,C
B4norm,0.7600,022,,,,C
B4norm,0.7800,022,,,,C
B4norm,0.8000,022,,,,C
B4norm,0.8200,022,,,,C
B4norm,0.8400,022,,,,C
B4norm,0.8600,022,,,,C
B4norm,0.8800,022,,,,C
B4norm,0.9000,022,,,,C
B4norm,0.9200,022,,,,C
B4norm,0.9400,022,,,,C
B4norm,0.9600,022,,,,C
B4norm,0.9800,022,,,,C
B4norm,0.3000,023,0.2146,,,-
B4norm,0.3200,023,0.2146,,,-
B4norm,0.3400,023,0.2146,,,-
B4norm,0.3600,023,0.2146,,,-
B4norm,0.3800,023,0.2146,,,-
B4norm,0.4000,023,0.2146,,,-
B4norm,0.4200,023,0.2146,,,-
B4norm,0.4400,023,0.2146,,,-
B4norm,0.4600,023,0.2146,,,-
B4norm,0.4800,023,0.2146,,,-
B4norm,0.5000,023,0.2146,,,-
B4norm,0.5200,023,0.4292,,,-
B4norm,0.5400,023,0.4292,,,-
B4norm,0.5600,023,0.4292,,,-
B4norm,0.5800,023,0.4292,,,-
B4norm,0.6000,023,0.4292,,,-
B4norm,0.6200,023,0.4292,,,-
B4norm,0.6400,023,0.4292,,,-
B4norm,0.6600,023,0.6438,,,-
B4norm,0.6800,023,0.6438,,,-
B4norm,0.7000,023,0.6438,,,-
B4norm,0.7200,023,0.6438,,,-
B4norm,0.7400,023,0.6438,,,-
B4norm,0.7600,023,0.8584,,,-
B4norm,0.7800,023,0.8584,,,-
B4norm,0.8000,023,0.8584,,,-
B4norm,0.8200,023,0.8584,,,-
B4norm,0.8400,023,1.0730,,,-
B4norm,0.8600,023,1.0730,,,-
B4norm,0.8800,023,1.0730,,,-
B4norm,0.9000,023,1.2876,,,-
B4norm,0.9200,023,1.5021,,,-
B4norm,0.9400,023,1.5021,,,-
B4norm,0.9600,023,1.9313,,,-
B4norm,0.9800,023,2.1459,,,-
B4norm,0.3000,024,0.8065,,,-
B4norm,0.3200,024,0.8065,,,-
B4norm,0.3400,024,0.8065,,,-
B4norm,0.3600,024,0.8065,,,-
B4norm,0.3800,024,0.8065,,,-
B4norm,0.4000,024,0.8065,,,-
B4norm,0.4200,024,0.8065,,,-
B4norm,0.4400,024,0.8065,,,-
B4norm,0.4600,024,0.8065,,,-
B4norm,0.4800,024,1.2097,,,-
B4norm,0.5000,024,1.2097,,,-
B4norm,0.5200,024,1.2097,,,-
B4norm,0.5400,024,1.2097,,,-
B4norm,0.5600,024,1.2097,,,-
B4norm,0.5800,024,1.2097,,,-
B4norm,0.6000,024,1.6129,,,-
B4norm,0.6200,024,1.6129,,,-
B4norm,0.6400,024,1.6129,,,-
B4norm,0.6600,024,1.6129,,,-
B4norm,0.6800,024,2.0161,,,-
B4norm,0.7000,024,2.0161,,,-
B4norm,0.7200,024,2.0161,,,-
B4norm,0.7400,024,2.0161,,,-
B4norm,0.7600,024,2.4194,,,-
B4norm,0.7800,024,2.4194,,,-
B4norm,0.8000,024,2.4194,,,-
B4norm,0.8200,024,2.8226,,,-
B4norm,0.8400,024,4.0323,,,-
B4norm,0.8600,024,4.0323,,,-
B4norm,0.8800,024,4.4355,,,-
B4norm,0.9000,024,22.1774,,,-
B4norm,0.9200,024,22.5806,,,-
B4norm,0.9400,024,22.9839,,,-
B4norm,0.9600,024,24.1935,,,-
B4norm,0.9800,024,31.4516,,,-
B4norm,0.3000,025,0.2353,,,-
B4norm,0.3200,025,0.2353,,,-
B4norm,0.3400,025,0.2353,,,-
B4norm,0.3600,025,0.2353,,,-
B4norm,0.3800,025,0.2353,,,-
B4norm,0.4000,025,0.2353,,,-
B4norm,0.4200,025,0.2353,,,-
B4norm,0.4400,025,0.2353,,,-
B4norm,0.4600,025,0.4706,,,-
B4norm,0.4800,025,0.4706,,,-
B4norm,0.5000,025,0.4706,,,-
B4norm,0.5200,025,0.4706,,,-
B4norm,0.5400,025,0.7059,,,-
B4norm,0.5600,025,0.7059,,,-
B4norm,0.5800,025,0.7059,,,-
B4norm,0.6000,025,0.7059,,,-
B4norm,0.6200,025,0.7059,,,-
B4norm,0.6400,025,0.7059,,,-
B4norm,0.6600,025,0.7059,,,-
B4norm,0.6800,025,0.9412,,,-
B4norm,0.7000,025,0.9412,,,-
B4norm,0.7200,025,1.1765,,,-
B4norm,0.7400,025,1.1765,,,-
B4norm,0.7600,025,1.1765,,,-
B4norm,0.7800,025,1.1765,,,-
B4norm,0.8000,025,1.8824,,,-
B4norm,0.8200,025,2.1176,,,-
B4norm,0.8400,025,2.1176,,,-
B4norm,0.8600,025,2.8235,,,-
B4norm,0.8800,025,2.8235,,,-
B4norm,0.9000,025,3.0588,,,-
B4norm,0.9200,025,3.2941,,,-
B4norm,0.9400,025,4.0000,,,-
B4norm,0.9600,025,5.8824,,,-
B4norm,0.9800,025,12.9412,,,-
B4norm,0.3000,026,5.7377,,,-
B4norm,0.3200,026,5.7377,,,-
B4norm,0.3400,026,5.7377,,,-
B4norm,0.3600,026,5.7377,,,-
B4norm,0.3800,026,5.7377,,,-
B4norm,0.4000,026,5.7377,,,-
B4norm,0.4200,026,5.7377,,,-
B4norm,0.4400,026,5.7377,,,-
B4norm,0.4600,026,5.7377,,,-
B4norm,0.4800,026,5.7377,,,-
B4norm,0.5000,026,6.0109,,,-
B4norm,0.5200,026,6.0109,,,-
B4norm,0.5400,026,6.0109,,,-
B4norm,0.5600,026,6.0109,,,-
B4norm,0.5800,026,6.0109,,,-
B4norm,0.6000,026,6.0109,,,-
B4norm,0.6200,026,6.0109,,,-
B4norm,0.6400,026,6.0109,,,-
B4norm,0.6600,026,6.2842,,,-
B4norm,0.6800,026,6.2842,,,-
B4norm,0.7000,026,6.2842,,,-
B4norm,0.7200,026,6.2842,,,-
B4norm,0.7400,026,6.2842,,,-
B4norm,0.7600,026,6.5574,,,-
B4norm,0.7800,026,6.5574,,,-
B4norm,0.8000,026,6.5574,,,-
B4norm,0.8200,026,6.5574,,,-
B4norm,0.8400,026,6.8306,,,-
B4norm,0.8600,026,6.8306,,,-
B4norm,0.8800,026,7.1038,,,-
B4norm,0.9000,026,7.1038,,,-
B4norm,0.9200,026,7.3770,,,-
B4norm,0.9400,026,7.6503,,,-
B4norm,0.9600,026,7.9235,,,-
B4norm,0.9800,026,32.5137,,,-
